1,1,4
1,2,3
1,3,3
1,4,4
1,5,2
1,6,3
1,7,3
1,8,3
1,9,5
1,10,4
1,11,5
1,12,5
1,13,4
1,14,5
1,15,4
1,16,5
1,17,5
1,18,4
1,19,4
1,20,5
1,21,4
1,22,3
2,8,4
2,4,4
2,4,5
2,3,4
2,23,4
2,6,5
2,12,3
2,10,5
2,9,5
2,7,5
2,11,5
2,24,5
2,2,5
2,13,5
2,19,5
2,15,5
2,18,5
2,17,5
2,25,5
2,14,5
2,26,5
2,21,5
3,2,4
3,4,4
3,8,4
3,4,4
3,3,5
3,23,4
3,6,5
3,7,5
3,12,5
3,10,5
3,11,5
3,15,5
3,13,5
3,14,5
3,27,5
3,19,5
3,18,5
3,17,5
3,9,5
3,20,5
3,24,5
3,16,5
4,4,5
4,2,4
4,8,3
4,3,4
4,4,3
4,6,3
4,7,3
4,12,3
4,11,3
4,10,4
4,13,5
4,27,4
4,14,5
4,18,5
4,19,5
4,9,4
4,28,5
4,17,5
4,29,5
4,24,5
4,25,4
4,21,5
5,8,3
5,4,4
5,4,3
5,23,2
5,6,4
5,7,3
5,30,3
5,10,3
5,15,5
5,12,4
5,13,4
5,14,3
5,3,5
5,19,4
5,18,5
5,11,5
5,31,4
5,32,5
5,33,4
5,21,4
5,22,3
5,17,3
6,4,4
6,2,4
6,8,4
6,3,4
6,23,4
6,6,4
6,7,4
6,12,5
6,10,5
6,9,5
6,11,5
6,14,5
6,13,5
6,27,5
6,18,5
6,19,5
6,17,5
6,34,5
6,35,5
6,36,5
6,37,5
6,16,4
7,23,2
7,11,4
7,10,5
7,2,5
7,15,4
7,34,5
7,38,5
7,24,3
7,13,3
7,2,5
7,3,5
7,18,4
7,19,4
7,29,5
7,25,3
7,39,3
7,33,3
7,22,4
7,16,3
7,27,3
8,8,2
8,2,3
8,23,3
8,4,3
8,6,3
8,10,4
8,9,4
8,19,3
8,7,4
8,3,5
8,11,4
8,15,3
8,33,3
8,32,4
8,40,3
8,2,3
8,27,3
8,39,3
8,24,4
8,25,2
8,29,3
8,14,3
9,2,3
9,4,5
9,8,3
9,4,5
9,6,4
9,30,3
9,10,3
9,11,5
9,13,5
9,14,5
9,27,5
9,3,5
9,28,5
9,18,5
9,19,5
9,15,5
9,7,5
9,29,4
9,25,4
9,24,5
9,35,5
9,16,4
9,17,4
10,4,2
10,2,4
10,23,2
10,6,3
10,3,4
10,34,5
10,15,4
10,7,5
10,40,5
10,11,4
10,24,4
10,13,3
10,26,3
10,17,4
10,16,4
10,19,3
10,18,3
10,35,5
10,25,4
10,14,4
11,2,5
11,4,5
11,8,3
11,4,5
11,3,4
11,23,5
11,6,4
11,7,4
11,12,3
11,15,5
11,19,5
11,26,5
11,36,5
11,24,5
11,10,5
11,13,5
11,18,5
11,17,5
11,16,5
11,14,5
11,25,5
11,21,5
12,4,3
12,2,3
12,23,2
12,41,5
12,10,5
12,11,5
12,38,5
12,15,5
12,3,4
12,34,5
12,36,4
12,24,4
12,13,4
12,19,5
12,17,4
12,33,4
12,25,5
12,26,5
12,27,5
13,8,3
13,2,3
13,4,3
13,23,4
13,10,4
13,11,3
13,19,4
13,15,4
13,3,5
13,41,4
13,41,5
13,24,3
13,13,4
13,18,3
13,26,4
13,17,4
13,33,4
13,25,4
13,16,4
13,27,4
14,2,3
14,2,5
14,10,5
14,11,5
14,15,5
14,19,5
14,38,5
14,36,4
14,35,5
14,37,4
14,13,5
14,24,5
14,18,5
14,22,5
14,16,5
14,17,4
14,29,5
14,25,4
14,14,4
15,8,3
15,4,5
15,3,4
15,42,5
15,7,5
15,9,5
15,12,4
15,10,5
15,9,4
15,11,5
15,15,5
15,27,5
15,13,5
15,2,5
15,18,5
15,16,5
15,17,5
15,29,5
15,25,5
15,24,4
15,22,5
16,4,4
16,8,3
16,4,4
16,3,3
16,6,3
16,7,3
16,15,5
16,19,3
16,28,5
16,35,4
16,24,4
16,13,4
16,10,5
16,40,5
16,22,5
16,16,5
16,26,5
16,17,5
16,29,5
16,25,5
16,2,5
16,14,4
17,2,4
17,4,2
17,23,4
17,4,3
17,3,4
17,6,3
17,7,3
17,12,4
17,17,4
17,19,3
17,15,4
17,36,4
17,13,5
17,24,3
17,16,4
17,18,4
17,14,3
17,11,5
17,25,3
17,29,4
17,21,5
18,4,3
18,3,2
18,7,4
18,9,5
18,9,3
18,10,3
18,11,3
18,15,3
18,2,5
18,14,3
18,13,3
18,16,4
18,28,4
18,40,5
18,34,5
18,25,4
18,39,3
18,27,4
19,2,3
19,4,3
19,3,3
19,7,5
19,12,5
19,9,4
19,15,4
19,2,5
19,36,3
19,11,5
19,13,3
19,8,5
19,19,5
19,28,5
19,24,4
19,25,4
19,18,5
19,26,5
19,17,5
20,4,3
20,4,3
20,23,3
20,7,4
20,12,5
20,9,4
20,10,4
20,11,3
20,9,5
20,13,3
20,2,5
20,15,4
20,26,5
20,38,5
20,18,3
20,20,4
20,37,3
20,36,4
20,3,4
21,3,3
21,4,3
21,12,3
21,4,4
21,9,5
21,11,5
21,10,3
21,9,3
21,2,4
21,15,5
21,13,5
21,19,5
21,8,5
21,28,5
21,24,5
21,7,4
21,25,4
21,14,5
21,18,5
21,16,5
21,21,4
21,17,5
22,4,2
22,8,2
22,3,4
22,2,5
22,10,5
22,11,5
22,15,3
22,17,5
22,34,5
22,35,5
22,13,5
22,24,5
22,19,5
22,18,5
22,16,4
22,28,5
22,21,5
22,14,4
22,25,4
22,27,4
23,4,4
23,3,4
23,4,5
23,12,3
23,7,4
23,6,4
23,11,4
23,30,4
23,13,4
23,24,4
23,10,5
23,35,4
23,17,4
23,16,4
23,19,5
23,15,5
23,2,5
23,25,5
23,14,5
23,18,5
24,4,5
24,2,4
24,8,2
24,4,3
24,7,5
24,12,4
24,9,5
24,15,4
24,3,5
24,19,5
24,28,5
24,36,4
24,24,4
24,13,4
24,18,5
24,26,5
24,17,5
24,25,4
24,11,5
24,14,4
25,2,3
25,4,3
25,8,2
25,4,4
25,3,3
25,23,3
25,6,3
25,7,3
25,12,3
25,10,4
25,19,2
25,17,2
25,26,2
25,15,3
25,13,3
25,27,3
25,33,3
25,25,3
25,14,3
25,29,4
25,22,4
25,21,4
26,4,5
26,8,3
26,2,4
26,23,4
26,3,3
26,4,4
26,7,5
26,12,4
26,6,4
26,11,4
26,10,5
26,9,4
26,13,4
26,35,4
26,36,4
26,24,4
26,19,4
26,18,5
26,16,4
26,17,5
26,14,4
26,25,4
26,33,3
26,21,5
27,4,4
27,2,2
27,8,2
27,4,3
27,3,2
27,6,3
27,10,2
27,19,3
27,15,3
27,18,2
27,17,3
27,28,3
27,16,3
27,36,4
27,33,4
27,37,3
27,20,4
27,24,3
27,41,3
27,22,5
28,4,5
28,2,5
28,8,5
28,4,5
28,3,5
28,42,5
28,7,5
28,12,5
28,9,4
28,10,5
28,9,4
28,11,5
28,15,5
28,13,5
28,14,5
28,27,5
28,19,5
28,18,5
28,17,5
28,26,5
28,24,5
28,29,4
28,25,4
28,21,5
29,2,4
29,4,4
29,8,5
29,4,4
29,3,4
29,42,5
29,12,4
29,9,4
29,7,4
29,11,4
29,9,5
29,10,4
29,14,4
29,27,4
29,13,4
29,15,4
29,18,5
29,26,5
29,17,4
29,19,4
29,25,4
29,24,4
30,8,5
30,4,4
30,42,5
30,7,3
30,12,3
30,9,3
30,9,4
30,10,4
30,11,4
30,15,4
30,2,5
30,14,4
30,13,3
30,2,5
30,3,4
30,19,5
30,18,3
30,17,4
30,16,4
30,24,4
30,25,4
31,2,4
31,4,5
31,8,4
31,4,5
31,3,3
31,42,4
31,7,4
31,12,4
31,9,3
31,28,3
31,15,3
31,10,4
31,27,3
31,14,3
31,13,2
31,11,3
31,16,3
31,9,3
31,17,3
31,29,5
31,20,4
31,37,4
31,33,4
31,18,3
32,2,4
32,4,5
32,8,5
32,4,4
32,3,4
32,42,4
32,41,3
32,10,4
32,19,3
32,36,4
32,13,3
32,11,5
32,15,5
32,18,4
32,26,5
32,17,4
32,33,4
32,25,3
32,24,4
32,16,4
33,43,4
33,14,4
33,13,3
33,11,4
33,2,5
33,10,5
33,19,3
33,16,3
33,15,3
33,17,3
33,28,4
33,25,3
33,24,4
33,18,4
33,29,4
33,22,4
34,2,4
34,7,4
34,11,3
34,10,4
34,41,4
34,19,3
34,15,4
34,13,3
34,24,4
34,41,4
34,36,4
34,18,3
34,17,3
34,26,4
34,25,4
35,11,5
35,10,5
35,41,2
35,15,5
35,19,4
35,41,4
35,24,3
35,36,4
35,35,2
35,13,4
35,18,4
35,16,4
35,26,3
35,17,4
35,33,4
35,29,5
35,25,3
35,22,5
35,21,5
36,10,4
36,41,5
36,11,4
36,15,4
36,19,5
36,41,5
36,36,3
36,35,4
36,24,4
36,13,5
36,18,5
36,16,4
36,17,5
36,25,3
36,29,4
36,22,4
36,21,5
37,2,4
37,7,5
37,10,5
37,11,4
37,15,4
37,19,4
37,41,4
37,36,5
37,13,4
37,24,4
37,41,4
37,25,5
37,33,5
37,26,4
37,17,4
38,10,4
38,11,4
38,41,5
38,19,4
38,15,5
38,41,5
38,24,4
38,13,3
38,17,4
38,26,5
38,18,3
38,25,4
38,33,5
38,27,5
38,16,4
39,10,4
39,2,5
39,36,4
39,11,4
39,19,4
39,15,4
39,3,5
39,16,3
39,17,4
39,35,5
39,24,4
39,25,4
39,13,4
39,14,4
39,18,4
39,22,4
40,2,5
40,11,5
40,10,5
40,16,4
40,19,5
40,15,4
40,3,5
40,17,4
40,33,4
40,24,4
40,25,3
40,13,5
40,14,4
40,18,3
40,22,4
41,8,4
41,4,2
41,2,3
41,4,5
41,3,3
41,6,3
41,19,4
41,15,4
41,7,5
41,28,5
41,36,3
41,24,2
41,10,4
41,18,3
41,16,3
41,17,3
41,26,3
41,25,4
41,13,3
42,8,4
42,4,3
42,2,4
42,23,2
42,3,3
42,4,3
42,6,3
42,30,2
42,10,3
42,24,3
42,11,4
42,36,3
42,17,3
42,16,3
42,19,3
42,15,2
42,33,4
42,25,4
42,44,4
43,8,2
43,4,2
43,2,4
43,41,4
43,10,5
43,3,4
43,15,3
43,24,3
43,36,3
43,11,4
43,13,3
43,19,4
43,28,4
43,34,5
43,33,5
43,25,4
43,29,4
43,22,4
43,17,4
44,4,4
44,3,3
44,15,4
44,19,3
44,28,5
44,2,5
44,41,5
44,10,4
44,36,3
44,24,3
44,2,5
44,8,5
44,22,4
44,26,4
44,17,4
44,33,4
44,25,3
44,16,3
44,21,4
45,4,4
45,8,5
45,2,3
45,23,4
45,3,4
45,4,4
45,7,2
45,12,2
45,6,4
45,10,2
45,11,3
45,30,3
45,13,2
45,35,2
45,24,3
45,18,2
45,19,3
45,17,3
45,29,4
45,33,5
45,25,4
45,22,3
45,44,4
46,2,3
46,4,4
46,7,2
46,6,3
46,12,4
46,35,2
46,36,4
46,10,5
46,13,4
46,8,5
46,3,5
46,15,5
46,34,5
46,28,5
46,19,5
46,18,5
46,16,5
46,17,5
46,45,5
46,11,5
46,25,5
46,24,5
46,21,5
47,4,4
47,2,4
47,8,2
47,4,5
47,3,4
47,23,4
47,6,3
47,7,4
47,12,4
47,10,4
47,9,2
47,11,4
47,24,4
47,36,4
47,13,5
47,18,5
47,15,5
47,17,5
47,37,4
47,45,5
47,32,4
47,25,5
47,29,5
47,21,4
48,2,4
48,4,4
48,8,3
48,23,4
48,4,4
48,12,3
48,6,4
48,11,3
48,10,4
48,9,3
48,13,3
48,24,4
48,35,4
48,36,4
48,41,4
48,3,5
48,19,5
48,17,3
48,29,4
48,25,5
48,32,3
48,37,4
48,7,5
48,22,3
48,21,3
48,18,4
49,2,3
49,4,2
49,6,5
49,7,4
49,12,4
49,3,5
49,8,5
49,28,5
49,15,5
49,39,5
49,24,5
49,11,5
49,10,5
49,13,5
49,18,5
49,22,5
49,17,5
49,34,5
49,33,3
49,25,4
49,29,5
49,19,5
49,16,4
50,2,4
50,4,4
50,4,4
50,23,4
50,6,5
50,12,4
50,7,3
50,9,4
50,10,4
50,35,5
50,36,4
50,13,4
50,11,5
50,3,5
50,8,5
50,19,5
50,17,5
50,32,5
50,25,5
50,24,5
50,18,2
51,4,4
51,2,3
51,8,4
51,4,4
51,3,2
51,23,2
51,6,3
51,7,3
51,10,4
51,9,3
51,11,4
51,12,4
51,15,4
51,13,3
51,27,4
51,19,4
51,18,3
51,16,4
51,26,4
51,17,4
51,25,4
52,8,4
52,4,4
52,23,4
52,7,2
52,12,4
52,9,3
52,10,5
52,11,4
52,15,3
52,27,2
52,13,3
52,2,5
52,9,4
52,17,4
52,16,4
52,25,5
52,24,4
52,26,4
53,4,4
53,8,3
53,4,3
53,6,5
53,7,4
53,12,4
53,3,5
53,15,5
53,28,5
53,24,5
53,10,5
53,13,4
53,11,5
53,18,4
53,16,5
53,17,5
53,33,4
53,32,5
53,29,5
53,25,4
53,22,5
53,21,4
54,2,3
54,4,4
54,8,4
54,23,4
54,4,4
54,3,3
54,7,4
54,6,4
54,12,5
54,11,4
54,9,3
54,10,4
54,36,5
54,35,5
54,24,3
54,17,3
54,26,4
54,16,4
54,15,5
54,19,5
54,13,5
54,25,3
54,45,4
54,29,5
54,18,4
54,22,5
54,21,5
55,4,4
55,2,4
55,8,4
55,4,5
55,23,5
55,6,5
55,7,3
55,12,5
55,9,4
55,10,5
55,36,3
55,35,5
55,11,5
55,13,4
55,19,5
55,3,5
55,17,5
55,45,4
55,37,5
55,32,4
55,25,5
55,24,5
55,18,5
55,16,3
55,22,5
55,21,4
56,2,4
56,4,5
56,8,4
56,4,5
56,6,4
56,7,4
56,12,4
56,15,4
56,19,5
56,28,5
56,3,5
56,10,5
56,11,5
56,13,5
56,24,4
56,36,5
56,16,5
56,18,5
56,17,5
56,29,5
56,33,5
56,45,4
56,25,4
56,21,4
56,22,4
57,4,5
57,2,5
57,8,4
57,3,5
57,4,5
57,23,3
57,6,4
57,7,4
57,12,4
57,15,4
57,19,4
57,24,4
57,13,5
57,11,5
57,18,4
57,26,5
57,17,4
57,37,5
57,45,4
57,29,5
57,25,4
57,22,4
57,16,4
57,21,4
58,4,3
58,4,3
58,23,4
58,6,5
58,7,3
58,12,4
58,9,3
58,10,3
58,11,3
58,15,5
58,27,4
58,3,5
58,26,4
58,17,4
58,36,5
58,39,5
58,24,5
58,25,5
58,21,4
59,8,5
59,4,4
59,4,5
59,23,4
59,6,4
59,12,4
59,7,3
59,10,4
59,9,3
59,13,3
59,36,5
59,2,5
59,11,4
59,26,5
59,17,4
59,3,5
59,45,4
59,32,4
59,24,5
59,25,5
59,37,4
59,21,4
60,4,4
60,2,4
60,4,3
60,6,2
60,7,2
60,12,2
60,10,3
60,41,4
60,2,5
60,24,3
60,11,4
60,15,3
60,8,4
60,29,3
60,25,5
60,13,3
60,33,3
60,32,3
60,22,4
60,21,4
61,2,4
61,4,3
61,8,4
61,4,5
61,23,5
61,6,5
61,7,4
61,12,4
61,15,4
61,19,5
61,36,5
61,41,5
61,10,5
61,3,5
61,41,5
61,17,4
61,24,4
61,25,5
61,44,4
61,21,4
62,2,4
62,4,5
62,3,4
62,23,3
62,10,5
62,11,5
62,8,5
62,19,5
62,34,4
62,15,4
62,36,3
62,24,5
62,13,5
62,7,4
62,17,5
62,18,4
62,25,4
62,45,4
62,29,4
62,21,5
63,8,3
63,2,5
63,41,4
63,10,3
63,11,4
63,19,4
63,41,4
63,36,5
63,24,3
63,15,4
63,26,4
63,17,3
63,33,5
63,32,4
63,25,4
63,29,4
63,44,4
64,4,3
64,2,3
64,8,5
64,42,5
64,41,4
64,10,4
64,19,3
64,41,4
64,24,3
64,36,3
64,11,4
64,13,3
64,3,4
64,15,3
64,18,4
64,16,4
64,17,4
64,34,4
64,33,4
64,25,4
64,29,4
64,44,5
65,8,4
65,4,4
65,2,5
65,4,4
65,42,4
65,3,4
65,13,4
65,10,5
65,11,4
65,19,4
65,15,5
65,18,4
65,24,4
65,36,5
65,17,4
65,26,4
65,25,5
65,33,4
65,29,4
65,44,5
66,2,5
66,4,5
66,8,3
66,4,5
66,3,4
66,42,4
66,12,3
66,9,2
66,11,3
66,15,2
66,27,2
66,14,2
66,10,3
66,18,3
66,22,4
66,21,4
66,25,3
66,24,4
66,7,5
66,13,4
67,2,5
67,4,5
67,8,4
67,4,5
67,3,4
67,42,3
67,7,3
67,12,5
67,9,3
67,15,3
67,36,3
67,13,4
67,11,4
67,24,3
67,19,3
67,18,3
67,17,4
67,32,3
67,10,3
67,25,4
67,22,3
67,21,5
68,4,5
68,8,5
68,2,4
68,4,4
68,42,5
68,3,4
68,7,4
68,12,4
68,9,5
68,10,4
68,11,4
68,28,4
68,9,4
68,13,4
68,24,4
68,36,4
68,17,5
68,15,5
68,25,5
68,33,5
68,18,4
68,22,5
69,2,4
69,3,5
69,10,4
69,11,4
69,15,4
69,19,4
69,41,5
69,41,5
69,24,3
69,13,4
69,18,5
69,26,5
69,17,5
69,33,5
69,32,4
69,25,4
69,22,5
69,44,5
70,10,3
70,15,4
70,19,3
70,2,5
70,24,3
70,16,5
70,3,5
70,17,4
70,33,5
70,25,4
70,11,5
70,13,3
70,22,4
70,26,5
70,21,3
71,10,4
71,24,3
71,36,4
71,11,3
71,26,3
71,19,4
71,15,3
71,17,3
71,41,5
71,25,4
71,29,5
71,18,4
71,22,5
71,44,5
71,21,5
72,10,3
72,41,4
72,11,3
72,36,4
72,16,4
72,18,4
72,19,5
72,17,5
72,26,5
72,25,4
72,24,5
72,35,5
72,22,4
72,44,4
72,21,5
73,2,4
73,3,4
73,41,4
73,10,4
73,11,3
73,15,3
73,19,4
73,36,4
73,13,3
73,18,3
73,26,5
73,33,5
73,24,4
73,25,5
73,22,4
73,17,5
74,10,4
74,15,5
74,19,4
74,41,5
74,41,5
74,24,4
74,13,4
74,18,5
74,17,5
74,26,5
74,33,4
74,45,5
74,32,5
74,25,4
74,22,5
74,44,5
75,2,4
75,3,4
75,36,5
75,41,5
75,19,3
75,16,4
75,17,3
75,33,5
75,25,4
75,24,4
75,37,3
75,45,4
75,26,4
75,22,5
75,21,4
76,2,3
76,7,3
76,11,3
76,10,4
76,41,5
76,15,5
76,41,4
76,13,3
76,36,3
76,24,3
76,3,5
76,17,4
76,19,5
76,33,3
76,25,5
76,18,3
76,22,3
77,35,3
77,24,4
77,10,5
77,11,4
77,13,3
77,3,5
77,15,4
77,18,4
77,19,4
77,32,5
77,25,4
77,29,4
77,44,5
77,17,5
78,10,5
78,11,5
78,3,5
78,15,4
78,19,4
78,17,4
78,35,3
78,36,3
78,13,5
78,24,5
78,18,4
78,22,4
78,16,5
78,25,5
78,21,5
79,41,4
79,10,4
79,11,3
79,15,3
79,19,4
79,36,4
79,39,4
79,18,3
79,17,3
79,26,4
79,16,3
79,25,3
79,24,3
79,45,3
79,21,3
80,3,4
80,10,4
80,11,3
80,15,4
80,19,3
80,36,5
80,13,4
80,16,4
80,17,3
80,26,4
80,33,5
80,25,4
80,29,4
80,22,3
80,44,4
81,41,5
81,10,5
81,19,4
81,41,5
81,13,4
81,11,4
81,18,3
81,15,3
81,16,4
81,17,4
81,26,5
81,25,3
81,32,5
81,33,4
81,29,3
81,22,4
81,44,4
82,3,4
82,10,3
82,11,4
82,15,3
82,19,4
82,36,3
82,39,4
82,18,3
82,17,4
82,26,4
82,16,3
82,25,3
82,24,3
82,45,4
82,21,3
83,13,3
83,39,4
83,35,4
83,36,5
83,15,5
83,16,4
83,17,3
83,18,3
83,26,4
83,29,4
83,25,5
83,37,3
83,33,3
83,45,4
83,22,3
83,21,4
84,13,4
84,11,4
84,36,4
84,2,5
84,3,5
84,19,4
84,17,4
84,25,4
84,29,4
84,10,4
84,21,3
84,22,4
84,18,3
85,39,3
85,2,4
85,11,3
85,36,3
85,26,4
85,15,4
85,17,3
85,18,3
85,45,3
85,13,3
85,29,3
85,25,5
85,24,4
85,33,3
85,10,3
85,21,3
85,44,3
85,22,3
85,16,4
86,11,4
86,13,4
86,36,5
86,2,5
86,19,4
86,3,5
86,17,3
86,10,4
86,25,4
86,29,4
86,18,4
86,22,5
87,13,3
87,11,4
87,36,5
87,39,4
87,15,4
87,26,4
87,16,3
87,18,4
87,17,5
87,29,4
87,25,4
87,45,3
87,33,3
87,35,3
87,24,3
87,21,3
87,22,3
87,44,3
88,11,3
88,39,3
88,36,5
88,35,3
88,17,3
88,15,3
88,18,3
88,16,3
88,26,4
88,13,3
88,25,4
88,29,3
88,24,4
88,33,5
88,22,3
88,44,4
88,21,3
88,10,3
89,2,3
89,4,2
89,8,3
89,4,3
89,23,2
89,6,3
89,12,2
89,10,2
89,7,5
89,39,5
89,11,5
89,13,4
89,3,5
89,17,4
89,19,4
89,15,2
89,18,5
89,21,3
89,16,4
89,22,3
89,32,2
89,24,4
89,25,5
89,45,3
89,29,4
89,37,4
90,8,3
90,23,3
90,2,4
90,2,5
90,10,5
90,11,5
90,3,5
90,15,4
90,19,5
90,34,4
90,36,3
90,13,5
90,24,5
90,18,3
90,22,5
90,16,4
90,17,4
90,21,5
90,37,4
90,25,5
90,45,4
90,29,4
91,2,2
91,4,4
91,4,3
91,3,4
91,6,4
91,7,4
91,12,5
91,8,5
91,15,5
91,28,5
91,13,5
91,11,5
91,10,4
91,24,5
91,17,5
91,19,5
91,18,5
91,22,5
91,16,5
91,21,5
91,25,5
91,33,3
91,37,4
91,29,4
92,2,5
92,3,5
92,41,4
92,10,5
92,11,5
92,15,4
92,19,3
92,41,4
92,36,3
92,24,4
92,13,4
92,18,5
92,16,5
92,17,4
92,45,5
92,25,5
92,33,3
92,37,4
92,29,4
93,2,4
93,3,5
93,24,3
93,10,5
93,11,3
93,13,3
93,19,4
93,15,5
93,16,4
93,36,4
93,33,4
93,37,4
93,32,5
93,25,4
93,29,4
93,45,4
93,39,4
94,2,5
94,13,3
94,39,5
94,36,5
94,7,5
94,15,4
94,17,4
94,3,5
94,19,4
94,21,5
94,22,4
94,33,3
94,24,5
94,25,5
94,29,4
95,1,3
95,2,3
95,5,3
95,30,2
95,4,2
95,3,4
95,6,4
95,4,4
95,7,2
95,8,4
95,38,2
95,19,3
95,10,4
95,11,3
95,26,5
95,16,4
95,17,3
95,33,5
95,36,5
95,45,3
95,29,5
95,25,2
95,24,3
95,22,3
95,44,5
95,21,3
96,23,3
96,11,4
96,10,5
96,2,5
96,19,4
96,15,4
96,8,5
96,34,4
96,3,5
96,39,4
96,36,3
96,24,3
96,13,3
96,17,3
96,18,3
96,25,4
96,45,3
96,29,4
96,22,2
96,16,2
96,47,2
96,41,3
96,21,3
97,4,2
97,12,4
97,6,3
97,15,4
97,8,5
97,3,5
97,13,5
97,11,5
97,10,5
97,2,5
97,16,4
97,18,4
97,19,5
97,17,5
97,24,4
97,25,4
97,29,5
98,4,5
98,2,5
98,8,5
98,3,5
98,4,5
98,23,5
98,6,4
98,7,5
98,12,5
98,9,5
98,10,4
98,11,4
98,15,4
98,27,4
98,14,4
98,13,4
98,19,4
98,18,3
98,26,5
98,17,4
98,36,5
98,25,5
98,24,5
98,29,5
98,22,4
98,21,5
99,4,3
99,6,4
99,12,4
99,3,5
99,8,5
99,34,5
99,11,4
99,10,4
99,13,3
99,15,4
99,19,4
99,18,4
99,16,5
99,2,5
99,25,4
99,29,5
99,17,4
100,2,4
100,4,3
100,8,3
100,4,4
100,3,3
100,23,4
100,6,3
100,15,4
100,19,5
100,24,4
100,10,5
100,11,5
100,13,5
100,18,4
100,17,4
100,16,5
100,25,4
100,29,5
101,4,3
101,4,3
101,6,2
101,7,2
101,12,3
101,3,5
101,8,5
101,10,4
101,11,5
101,13,4
101,15,4
101,19,4
101,18,3
101,16,4
101,2,5
101,25,5
101,29,5
101,17,3
102,2,3
102,4,2
102,4,2
102,10,5
102,11,3
102,3,5
102,15,4
102,19,3
102,7,4
102,36,5
102,13,5
102,24,4
102,18,4
102,26,4
102,17,4
102,45,4
102,25,5
102,29,4
102,44,4
102,21,4
103,4,3
103,8,3
103,23,3
103,4,3
103,12,2
103,7,2
103,6,2
103,15,3
103,11,4
103,2,4
103,10,3
103,16,3
103,17,3
103,25,4
103,36,3
103,33,3
103,24,3
103,29,4
103,13,3
103,22,2
103,18,4
103,21,3
103,47,3
104,8,4
104,4,4
104,4,3
104,10,4
104,15,3
104,24,4
104,2,4
104,36,5
104,11,4
104,13,2
104,18,2
104,16,5
104,17,3
104,33,4
104,32,3
104,25,3
104,29,4
104,44,4
105,2,4
105,4,3
105,8,3
105,4,3
105,42,3
105,7,4
105,9,3
105,9,3
105,10,3
105,11,3
105,36,4
105,24,5
105,13,4
105,19,5
105,18,4
105,16,4
105,17,5
105,45,5
105,29,4
105,32,3
105,25,5
105,22,4
105,21,4
106,42,4
106,7,5
106,2,5
106,11,4
106,2,5
106,15,5
106,3,5
106,13,4
106,36,4
106,39,4
106,24,5
106,16,5
106,17,4
106,19,3
106,18,4
106,29,4
106,32,4
106,25,5
106,45,4
106,22,3
106,21,4
107,4,4
107,8,4
107,4,4
107,3,3
107,42,3
107,7,4
107,9,3
107,12,3
107,10,4
107,9,4
107,11,3
107,36,5
107,13,4
107,24,5
107,32,4
107,2,5
107,15,4
107,16,5
107,17,5
107,26,5
107,29,4
107,25,5
107,18,4
108,4,4
108,8,4
108,4,3
108,3,3
108,42,4
108,7,4
108,12,4
108,9,5
108,9,5
108,10,5
108,11,4
108,15,4
108,2,5
108,13,4
108,14,3
108,19,5
108,18,5
108,16,5
108,26,5
108,25,5
109,4,5
109,3,4
109,4,5
109,42,4
109,11,4
109,7,4
109,2,5
109,26,4
109,15,4
109,32,3
109,41,3
109,36,4
109,17,3
109,10,4
109,25,5
109,18,2
110,2,5
110,4,5
110,8,5
110,4,5
110,3,5
110,42,4
110,7,5
110,11,5
110,15,5
110,19,5
110,36,5
110,13,5
110,24,4
110,39,5
110,18,5
110,16,5
110,17,5
110,25,5
110,32,4
110,45,5
110,29,5
111,4,3
111,3,2
111,12,3
111,9,3
111,15,3
111,24,3
111,2,5
111,10,4
111,13,2
111,16,4
111,26,4
111,17,3
111,7,5
111,33,5
111,25,4
112,4,5
112,8,4
112,2,5
112,3,5
112,42,4
112,4,5
112,9,4
112,7,4
112,12,5
112,15,5
112,19,4
112,13,4
112,36,5
112,24,4
112,17,4
112,10,5
112,26,4
112,29,5
112,45,4
112,25,5
112,33,5
112,18,5
112,44,5
112,21,5
113,2,4
113,4,5
113,8,4
113,4,4
113,3,3
113,7,4
113,12,4
113,15,4
113,24,3
113,10,4
113,13,2
113,16,4
113,26,4
113,17,3
113,33,5
113,25,4
114,2,5
114,4,5
114,8,4
114,4,5
114,3,4
114,42,4
114,7,5
114,11,5
114,15,5
114,19,5
114,17,4
114,36,5
114,13,5
114,18,5
114,16,4
114,45,4
114,29,4
114,25,5
114,22,4
114,21,4
115,4,4
115,2,3
115,8,4
115,4,4
115,42,3
115,3,5
115,19,3
115,24,3
115,36,5
115,13,4
115,15,4
115,18,4
115,26,3
115,17,4
115,10,5
115,7,5
115,45,5
115,32,5
115,25,5
115,29,5
116,2,4
116,4,4
116,8,4
116,4,5
116,3,4
116,42,4
116,7,5
116,10,4
116,15,4
116,39,5
116,36,4
116,11,5
116,17,3
116,16,3
116,19,3
116,26,3
116,25,5
116,33,4
116,44,4
117,4,2
117,4,2
117,42,2
117,7,4
117,2,5
117,11,4
117,3,4
117,15,3
117,24,4
117,36,5
117,13,4
117,19,4
117,18,3
117,16,4
117,26,3
117,17,3
117,45,3
117,29,5
117,32,3
117,25,3
117,22,3
117,21,3
118,2,5
118,4,4
118,8,4
118,4,4
118,3,4
118,7,5
118,11,4
118,41,4
118,19,5
118,15,4
118,41,5
118,36,4
118,39,4
118,13,4
118,10,5
118,24,4
118,18,4
118,16,5
118,26,4
118,17,5
118,45,4
118,25,4
118,32,3
118,29,5
118,22,4
118,21,5
119,2,3
119,19,4
119,15,4
119,48,4
119,3,5
119,13,3
119,11,5
119,24,4
119,39,3
119,10,5
119,17,5
119,35,5
119,25,3
119,45,3
119,7,5
119,21,3
119,44,5
119,16,4
119,18,4
119,22,2
120,2,3
120,3,4
120,10,4
120,11,3
120,19,3
120,36,3
120,24,2
120,15,4
120,17,3
120,26,3
120,16,3
120,25,4
120,32,3
120,45,3
120,13,4
121,2,5
121,3,5
121,10,4
121,11,5
121,15,4
121,19,4
121,41,3
121,36,4
121,24,5
121,13,5
121,18,5
121,16,4
121,17,4
121,45,5
121,39,3
121,25,5
121,29,4
121,21,4
122,2,4
122,3,4
122,41,3
122,49,4
122,10,4
122,11,5
122,19,2
122,15,3
122,24,4
122,13,4
122,17,5
122,18,5
122,16,4
122,45,5
122,25,4
123,2,4
123,3,4
123,10,3
123,15,3
123,11,4
123,13,3
123,19,4
123,18,3
123,17,4
123,16,3
123,33,4
123,45,4
123,25,4
123,24,3
123,29,4
124,2,4
124,41,4
124,15,3
124,41,3
124,11,3
124,19,4
124,26,5
124,17,4
124,36,4
124,45,4
124,13,3
124,29,4
124,25,4
124,24,4
124,21,4
124,44,4
124,22,3
124,18,5
124,10,4
125,2,3
125,3,4
125,41,4
125,41,3
125,36,5
125,39,4
125,24,4
125,11,5
125,15,4
125,19,5
125,17,5
125,26,5
125,16,5
125,45,5
125,25,4
125,29,5
125,13,4
125,22,4
125,18,4
125,10,3
126,2,3
126,3,4
126,11,2
126,41,3
126,19,3
126,32,5
126,24,3
126,13,4
126,36,4
126,26,5
126,18,4
126,16,3
126,10,5
126,17,4
126,45,5
126,33,4
126,25,5
126,22,3
127,24,3
127,2,5
127,10,5
127,11,3
127,3,3
127,15,3
127,19,4
127,35,4
127,7,5
127,39,4
127,13,5
127,18,3
127,16,4
127,17,5
127,37,4
127,45,4
127,29,4
127,25,5
127,22,5
127,21,4
128,2,4
128,3,3
128,8,4
128,7,4
128,41,3
128,11,4
128,15,4
128,19,4
128,36,4
128,35,3
128,24,4
128,13,3
128,18,3
128,22,4
128,16,4
128,26,3
128,10,4
128,45,3
128,25,3
128,29,4
128,17,3
129,2,5
129,8,5
129,3,5
129,11,4
129,7,4
129,41,5
129,41,5
129,19,4
129,15,4
129,13,4
129,24,4
129,10,4
129,32,3
129,16,4
129,18,5
129,26,4
129,17,5
129,29,3
129,45,4
129,25,4
129,21,5
129,22,4
130,2,5
130,3,5
130,8,5
130,7,5
130,41,5
130,15,5
130,19,5
130,41,5
130,24,5
130,36,5
130,13,5
130,18,4
130,22,5
130,16,5
130,26,5
130,33,4
130,37,5
130,29,5
130,25,5
130,21,4
130,44,5
130,17,5
131,2,4
131,3,3
131,8,5
131,7,4
131,41,4
131,15,3
131,41,3
131,24,3
131,10,4
131,11,3
131,16,4
131,26,5
131,17,4
131,25,5
131,29,4
131,13,3
131,18,3
132,2,5
132,8,4
132,3,4
132,7,4
132,11,4
132,41,5
132,15,4
132,19,4
132,24,4
132,13,5
132,10,5
132,17,5
132,26,5
132,18,5
132,45,5
132,32,5
132,25,4
133,2,3
133,36,4
133,39,3
133,24,2
133,16,3
133,26,4
133,7,2
133,33,4
133,13,2
133,25,4
133,18,2
133,44,3
133,10,2
133,21,3
133,17,2
134,7,4
134,2,3
134,3,5
134,35,4
134,24,4
134,11,5
134,36,5
134,39,3
134,15,5
134,19,4
134,17,4
134,16,4
134,10,3
134,37,4
134,33,4
134,25,4
134,21,3
134,18,2
134,22,2
135,4,4
135,2,3
135,8,4
135,4,3
135,23,3
135,6,3
135,7,3
135,12,3
135,10,3
135,30,2
135,11,3
135,36,4
135,24,4
135,13,3
135,3,5
135,19,3
135,17,4
135,18,3
135,22,2
135,21,3
135,25,5
136,2,3
136,8,3
136,4,4
136,23,3
136,4,3
136,6,4
136,19,4
136,15,4
136,13,4
136,7,5
136,36,4
136,11,4
136,26,4
136,17,4
136,3,5
136,16,5
136,22,5
136,18,4
136,21,5
136,25,5
136,24,5
136,45,4
137,2,4
137,4,4
137,8,4
137,4,3
137,3,3
137,23,3
137,6,4
137,19,3
137,16,5
137,17,4
137,7,5
137,11,5
137,24,4
137,10,5
137,21,4
137,18,5
137,15,5
137,45,5
137,25,5
137,36,5
137,13,5
137,35,3
138,2,3
138,4,4
138,8,4
138,4,3
138,3,3
138,42,3
138,7,3
138,12,2
138,9,3
138,15,4
138,36,5
138,13,4
138,24,4
138,19,3
138,18,3
138,10,4
138,17,3
138,45,3
138,25,5
138,11,4
138,29,4
138,33,4
139,4,3
139,8,3
139,4,2
139,9,3
139,15,5
139,10,3
139,7,4
139,36,3
139,2,3
139,3,4
139,26,3
139,24,3
139,25,5
139,29,4
139,21,3
140,3,3
140,11,4
140,2,5
140,7,5
140,41,5
140,15,5
140,19,5
140,16,5
140,10,5
140,26,3
140,13,5
140,24,5
140,36,5
140,32,3
140,17,4
140,21,5
140,22,5
140,18,4
140,50,4
140,25,5
141,2,4
141,3,4
141,49,3
141,41,4
141,15,5
141,19,4
141,41,3
141,13,3
141,16,5
141,26,5
141,17,5
141,33,3
141,45,4
141,25,5
141,29,5
142,2,3
142,3,3
142,41,3
142,15,2
142,19,3
142,41,3
142,16,3
142,26,3
142,10,3
142,7,4
142,33,4
142,32,4
142,37,4
142,17,4
142,21,4
142,22,3
142,18,3
142,25,5
142,11,4
142,50,4
142,13,4
142,45,4
143,2,5
143,8,5
143,3,5
143,41,4
143,11,4
143,7,5
143,32,5
143,24,4
143,10,5
143,13,3
143,19,5
143,15,5
143,17,5
143,26,5
143,45,5
143,35,5
143,18,5
143,21,5
143,25,5
144,2,5
144,3,5
144,7,5
144,41,5
144,11,5
144,15,5
144,19,5
144,41,5
144,36,5
144,35,5
144,39,5
144,13,5
144,24,5
144,17,5
144,10,5
144,26,5
144,18,5
144,50,4
144,25,5
144,32,4
144,29,5
144,45,4
145,2,5
145,3,4
145,7,5
145,41,5
145,10,4
145,11,4
145,19,3
145,36,3
145,24,2
145,15,4
145,16,3
145,17,3
145,25,4
145,29,4
145,13,3
145,22,4
146,2,4
146,4,3
146,8,5
146,4,3
146,3,3
146,7,4
146,12,4
146,9,3
146,15,5
146,19,5
146,36,5
146,13,5
146,24,5
146,18,5
146,16,4
146,26,4
146,17,5
146,45,4
146,25,3
146,11,5
146,29,4
146,37,2
147,8,4
147,4,3
147,4,3
147,7,3
147,3,4
147,24,3
147,11,3
147,13,3
147,26,4
147,10,3
147,2,4
147,33,4
147,25,4
147,22,4
147,47,3
147,15,3
147,18,3
148,4,2
148,3,4
148,42,4
148,7,5
148,24,3
148,11,5
148,15,5
148,39,5
148,36,5
148,13,4
148,19,3
148,16,5
148,44,4
148,17,3
148,8,4
148,25,5
148,2,5
148,37,3
148,22,4
148,21,2
149,8,3
149,4,4
149,4,3
149,3,4
149,42,4
149,2,3
149,41,3
149,10,4
149,19,2
149,15,3
149,41,4
149,36,3
149,11,4
149,26,3
149,24,3
149,50,5
149,13,3
149,25,5
149,21,4
149,22,4
149,17,3
150,4,4
150,8,3
150,4,4
150,3,3
150,19,5
150,15,4
150,13,3
150,36,4
150,24,4
150,11,4
150,7,4
150,17,4
150,18,5
150,16,5
150,26,3
150,39,5
150,25,5
150,35,4
150,2,5
150,21,4
150,22,4
151,2,4
151,8,5
151,4,4
151,42,4
151,9,3
151,15,4
151,10,4
151,7,5
151,39,4
151,3,5
151,17,4
151,18,3
151,19,3
151,24,4
151,25,4
151,11,4
151,13,4
151,37,3
151,22,4
151,44,4
152,2,3
152,4,3
152,8,3
152,4,2
152,3,3
152,7,3
152,12,2
152,9,3
152,11,3
152,15,4
152,27,3
152,14,3
152,13,3
152,10,5
152,16,3
152,17,3
152,9,2
152,37,4
152,35,3
152,20,3
153,4,3
153,2,4
153,42,4
153,4,3
153,9,3
153,7,3
153,10,3
153,13,4
153,24,4
153,36,4
153,26,3
153,3,4
153,19,3
153,45,3
153,25,4
153,29,5
153,11,4
153,21,4
153,37,2
153,17,5
154,8,2
154,2,3
154,4,3
154,9,3
154,9,3
154,10,3
154,11,3
154,2,5
154,15,3
154,13,2
154,27,3
154,14,2
154,7,4
154,19,3
154,16,3
154,35,3
154,33,4
154,20,3
154,37,2
154,3,5
155,8,4
155,4,3
155,4,4
155,3,3
155,42,4
155,12,3
155,9,3
155,9,4
155,24,4
155,7,5
155,11,5
155,13,4
155,15,5
155,19,5
155,18,4
155,10,5
155,17,3
155,35,5
155,2,5
155,39,5
155,25,5
155,22,4
156,2,4
156,3,5
156,7,5
156,10,4
156,41,4
156,11,5
156,41,5
156,19,4
156,13,5
156,24,5
156,17,5
156,22,5
156,21,5
156,18,5
156,50,5
156,45,5
156,36,5
156,25,5
156,15,4
156,44,3
157,2,4
157,3,4
157,8,5
157,7,5
157,41,3
157,11,5
157,15,3
157,19,4
157,10,4
157,36,4
157,39,4
157,13,2
157,24,4
157,18,3
157,16,4
157,47,5
157,17,3
157,45,3
157,50,4
157,29,5
157,25,5
157,37,3
158,7,3
158,2,4
158,10,3
158,41,3
158,36,5
158,24,5
158,13,4
158,19,3
158,3,5
158,17,3
158,35,3
158,33,3
158,39,3
158,50,4
158,25,5
158,29,4
158,22,2
158,37,4
158,44,3
158,21,2
159,2,3
159,11,4
159,19,3
159,15,3
159,13,4
159,36,4
159,24,4
159,10,4
159,3,4
159,17,4
159,18,4
159,29,5
159,25,5
159,39,4
159,22,4
159,16,3
159,44,4
160,2,4
160,3,3
160,7,4
160,10,4
160,19,3
160,51,4
160,24,4
160,36,5
160,11,5
160,13,4
160,18,4
160,16,4
160,26,4
160,17,4
160,45,4
160,25,5
160,22,3
161,2,4
161,7,3
161,3,3
161,10,4
161,51,3
161,11,5
161,24,4
161,36,5
161,13,4
161,19,4
161,18,4
161,16,4
161,26,4
161,17,4
161,45,4
161,25,5
161,22,4
161,21,4
162,2,5
162,3,5
162,7,5
162,41,2
162,10,5
162,19,4
162,41,3
162,35,4
162,36,4
162,24,5
162,18,5
162,17,5
162,16,5
162,33,5
162,45,5
162,50,5
162,25,5
162,29,5
162,15,5
162,37,4
162,22,4
162,44,5
163,2,4
163,3,5
163,8,4
163,19,4
163,11,4
163,13,3
163,17,4
163,16,4
163,22,4
163,15,4
163,25,3
163,24,4
163,32,3
163,45,3
163,29,3
163,44,4
163,10,5
164,2,3
164,3,4
164,7,4
164,49,4
164,41,4
164,15,3
164,19,3
164,41,4
164,24,4
164,36,4
164,11,4
164,13,4
164,18,3
164,22,4
164,16,4
164,26,5
164,17,4
164,33,5
164,45,4
164,25,4
164,29,4
165,2,4
165,3,5
165,7,5
165,10,5
165,11,4
165,15,5
165,19,5
165,16,5
165,36,5
165,24,5
165,13,4
165,18,5
165,22,5
165,21,4
165,17,4
165,45,5
165,50,5
165,25,5
165,29,5
165,44,4
166,2,4
166,3,4
166,7,4
166,11,4
166,8,5
166,15,5
166,19,4
166,36,3
166,10,2
166,24,4
166,52,4
166,17,4
166,16,3
166,26,5
166,18,3
166,33,5
166,25,4
166,13,5
167,2,3
167,11,4
167,7,4
167,3,5
167,15,5
167,19,4
167,24,5
167,33,5
167,36,5
167,13,5
167,18,5
167,26,5
167,10,5
167,17,5
167,45,5
167,29,5
167,50,5
167,25,5
167,22,4
167,21,4
168,2,3
168,3,3
168,10,3
168,11,3
168,7,5
168,15,3
168,19,3
168,16,4
168,18,4
168,13,5
168,24,3
168,36,4
168,39,5
168,25,5
168,45,4
168,44,5
168,21,5
168,17,5
169,7,4
169,3,4
169,10,4
169,11,4
169,15,4
169,19,4
169,36,3
169,35,3
169,24,4
169,13,4
169,18,4
169,16,3
169,17,4
169,2,4
169,25,4
169,14,5
169,22,4
169,21,4
170,2,4
170,3,3
170,10,3
170,15,2
170,7,4
170,24,3
170,11,4
170,19,3
170,17,3
170,26,3
170,16,3
170,29,5
170,25,5
170,45,4
170,13,4
171,7,3
171,3,4
171,10,3
171,36,5
171,24,2
171,26,3
171,16,3
171,15,4
171,17,3
171,33,4
171,2,4
171,25,4
171,29,3
171,13,4
171,18,3
171,44,5
171,50,4
172,2,3
172,7,3
172,3,4
172,41,4
172,15,3
172,41,4
172,36,5
172,39,5
172,24,4
172,10,5
172,35,4
172,19,4
172,17,3
172,11,3
172,33,4
172,45,3
172,25,4
172,13,3
172,21,2
172,18,3
172,16,3
172,44,4
173,2,3
173,41,4
173,36,4
173,41,4
173,11,3
173,3,4
173,7,4
173,24,4
173,13,3
173,29,4
173,19,3
173,18,2
173,44,4
173,17,3
173,10,2
173,22,2
174,2,3
174,3,4
174,8,4
174,7,4
174,11,3
174,15,3
174,19,3
174,24,5
174,36,4
174,10,4
174,13,3
174,18,5
174,26,5
174,21,4
174,17,5
174,35,4
174,33,4
174,45,5
174,25,4
175,2,5
175,3,4
175,7,4
175,11,3
175,15,4
175,19,4
175,24,3
175,13,3
175,18,2
175,17,3
175,21,4
175,36,5
175,45,4
175,25,4
175,22,3
175,16,5
175,37,2
175,44,3
176,2,4
176,3,4
176,8,3
176,7,4
176,41,4
176,11,4
176,15,4
176,19,5
176,41,4
176,17,5
176,45,4
176,36,4
176,39,3
176,13,2
176,24,4
176,18,4
176,16,4
176,47,5
176,10,4
176,50,5
176,25,5
176,29,5
176,22,3
176,44,4
176,37,3
176,21,4
177,2,5
177,3,5
177,8,5
177,7,5
177,41,5
177,15,5
177,19,5
177,41,4
177,35,4
177,24,5
177,11,5
177,26,5
177,16,4
177,25,4
177,50,4
177,29,5
177,13,5
177,18,4
177,37,4
177,44,5
178,2,4
178,3,4
178,8,5
178,11,4
178,7,4
178,41,5
178,41,5
178,19,4
178,15,4
178,13,4
178,10,5
178,24,4
178,32,4
178,18,5
178,17,5
178,26,5
178,25,5
178,33,5
178,45,4
179,2,5
179,3,4
179,8,5
179,7,5
179,11,4
179,15,4
179,19,4
179,24,4
179,36,5
179,13,4
179,26,5
179,10,5
179,17,5
179,33,4
179,45,4
179,25,5
179,18,4
179,22,5
179,44,4
180,7,4
180,11,3
180,3,4
180,15,3
180,24,2
180,13,3
180,36,5
180,39,4
180,26,3
180,16,3
180,17,3
180,25,4
180,29,4
180,45,3
180,50,4
180,21,2
181,2,4
181,3,4
181,7,4
181,41,4
181,11,4
181,15,4
181,19,4
181,41,5
181,36,5
181,39,5
181,13,3
181,24,3
181,18,4
181,26,5
181,10,4
181,17,4
181,32,3
181,45,4
181,25,5
182,2,4
182,3,4
182,11,4
182,7,4
182,19,4
182,15,4
182,13,4
182,36,5
182,17,4
182,26,5
182,18,4
182,25,4
182,24,4
182,45,4
182,33,5
182,37,4
182,16,4
183,2,5
183,3,5
183,41,4
183,7,4
183,11,4
183,15,4
183,36,5
183,39,5
183,13,4
183,19,4
183,17,4
183,10,5
183,26,4
183,18,3
183,25,4
183,24,4
183,45,4
183,37,5
183,21,4
184,2,3
184,3,5
184,7,3
184,11,4
184,15,3
184,36,4
184,39,4
184,13,3
184,18,3
184,17,4
184,26,5
184,45,3
184,24,4
184,50,4
184,25,4
184,19,4
184,47,3
185,13,3
185,11,5
185,24,5
185,39,3
185,36,5
185,17,4
185,21,5
185,16,4
185,18,2
185,19,4
185,47,4
185,50,5
185,25,5
185,45,3
185,22,3
185,37,3
185,44,4
186,24,3
186,13,3
186,7,5
186,39,4
186,17,3
186,18,3
186,19,3
186,10,4
186,11,3
186,45,3
186,25,4
186,44,4
187,11,4
187,13,4
187,24,4
187,36,4
187,39,4
187,19,5
187,17,4
187,18,5
187,16,4
187,10,4
187,25,5
187,32,4
187,45,4
187,50,5
187,21,5
187,37,4
187,44,5
188,24,3
188,39,3
188,13,3
188,7,3
188,10,3
188,18,4
188,19,3
188,17,3
188,32,3
188,25,5
188,11,3
188,45,4
188,37,3
188,44,4
189,2,5
189,3,5
189,41,3
189,11,5
189,32,4
189,29,4
189,13,5
189,24,5
189,35,4
189,21,5
189,17,5
189,18,5
189,19,5
189,45,5
189,25,5
189,36,5
189,44,4
189,16,5
189,37,4
189,22,4
189,33,3
189,50,5
189,53,4
190,2,4
190,3,4
190,41,2
190,10,4
190,36,4
190,32,3
190,11,5
190,19,4
190,17,4
190,47,4
190,16,2
190,25,4
190,45,4
190,44,3
190,21,5
191,2,3
191,3,3
191,41,3
191,10,2
191,36,3
191,41,3
191,24,4
191,7,4
191,11,4
191,22,4
191,37,4
191,16,4
191,44,4
191,26,4
191,53,5
191,25,5
191,29,5
192,3,2
192,36,4
192,2,4
192,11,4
192,16,3
192,7,4
192,33,3
192,39,3
192,24,3
192,19,3
192,10,4
192,26,3
192,15,3
192,18,3
192,22,3
192,17,4
192,29,3
192,25,4
192,13,3
193,3,4
193,15,4
193,19,5
193,36,4
193,2,5
193,13,4
193,18,5
193,26,4
193,10,5
193,17,5
193,25,4
193,45,5
193,24,5
193,16,5
193,37,5
194,4,4
194,2,3
194,8,4
194,4,4
194,3,3
194,42,4
194,7,3
194,12,4
194,9,4
194,10,4
194,9,4
194,11,3
194,24,4
194,36,5
194,13,3
194,16,5
194,19,4
194,17,4
194,50,4
194,25,4
194,29,4
194,18,3
194,44,3
195,2,3
195,3,4
195,11,5
195,15,3
195,19,4
195,10,5
195,24,5
195,36,4
195,13,5
195,22,5
195,16,4
195,26,5
195,17,5
195,33,5
195,25,5
195,53,5
195,37,5
195,44,5
196,2,3
196,10,4
196,3,3
196,15,3
196,17,3
196,24,4
196,32,3
196,36,4
196,7,4
196,13,5
196,19,3
196,22,3
196,16,4
196,21,4
196,33,4
196,29,5
196,25,5
196,44,3
196,18,3
196,26,4
197,2,4
197,10,3
197,3,5
197,36,3
197,24,3
197,13,3
197,16,4
197,15,4
197,26,3
197,17,4
197,45,4
197,39,5
197,50,5
197,25,5
197,29,5
197,19,4
197,18,4
197,44,4
198,2,4
198,3,4
198,15,5
198,24,4
198,11,5
198,39,4
198,13,3
198,7,5
198,36,4
198,19,3
198,17,4
198,10,5
198,26,4
198,18,4
198,16,4
198,53,5
198,29,5
198,25,3
198,44,4
199,2,3
199,3,3
199,7,4
199,11,3
199,15,3
199,19,3
199,41,4
199,32,3
199,36,4
199,24,3
199,13,3
199,22,2
199,16,3
199,26,3
199,17,3
199,33,4
199,25,4
199,18,3
199,44,3
200,2,4
200,10,3
200,41,4
200,41,3
200,3,3
200,13,4
200,11,5
200,24,4
200,17,5
200,47,4
200,22,4
200,19,5
200,15,5
200,53,5
200,25,4
200,21,5
201,2,4
201,3,4
201,41,3
201,10,4
201,47,5
201,15,5
201,19,5
201,35,5
201,36,5
201,24,5
201,13,5
201,22,4
201,17,5
201,18,5
201,25,5
201,33,5
201,11,5
201,44,4
201,39,5
202,2,4
202,3,4
202,15,2
202,19,4
202,36,4
202,24,3
202,11,4
202,13,3
202,18,3
202,17,3
202,22,2
202,50,4
202,25,5
202,29,4
202,44,4
202,16,4
202,21,4
203,2,5
203,3,5
203,41,3
203,41,3
203,36,5
203,24,4
203,13,4
203,19,3
203,15,5
203,18,3
203,17,5
203,10,2
203,16,5
203,39,5
203,25,4
203,11,5
203,44,5
203,37,4
203,47,5
204,2,5
204,3,5
204,11,5
204,19,5
204,16,5
204,36,5
204,13,5
204,18,5
204,22,5
204,17,5
204,21,5
204,44,5
204,33,5
204,50,5
204,29,5
204,25,5
204,53,5
204,15,5
205,2,4
205,10,3
205,41,4
205,3,5
205,19,4
205,54,5
205,11,4
205,24,4
205,17,4
205,16,5
205,18,5
205,15,4
205,47,4
205,25,3
206,2,5
206,3,4
206,7,3
206,41,4
206,10,4
206,11,4
206,15,2
206,19,3
206,36,5
206,39,5
206,24,3
206,18,3
206,16,4
206,26,4
206,17,4
206,25,3
207,2,4
207,3,4
207,41,4
207,10,5
207,39,4
207,54,5
207,11,5
207,13,4
207,19,4
207,16,5
207,17,5
207,53,5
207,25,4
207,21,5
208,2,3
208,41,4
208,10,3
208,15,2
208,19,3
208,41,3
208,18,4
208,16,5
208,26,5
208,17,5
208,35,5
208,7,5
208,39,5
208,13,5
208,11,5
208,24,5
208,22,5
208,37,5
208,44,5
208,50,5
208,25,5
208,29,5
208,3,5
208,47,4
208,21,5
209,2,4
209,3,3
209,41,3
209,36,4
209,24,3
209,11,3
209,13,3
209,18,3
209,22,4
209,17,4
209,10,3
209,50,5
209,25,5
209,29,4
209,44,4
209,15,3
209,47,4
210,2,5
210,3,3
210,19,3
210,39,5
210,24,4
210,11,5
210,13,4
210,15,3
210,22,4
210,17,4
210,47,5
210,16,4
210,33,3
210,25,4
210,53,4
210,18,4
210,44,4
211,2,5
211,3,4
211,41,4
211,47,4
211,19,4
211,15,4
211,10,4
211,36,5
211,32,4
211,22,4
211,16,5
211,17,4
211,53,5
211,25,4
212,2,5
212,3,5
212,41,5
212,11,5
212,16,5
212,19,5
212,47,5
212,36,5
212,13,5
212,22,4
212,44,5
212,21,5
212,17,5
212,18,4
212,50,5
212,25,5
212,53,5
212,29,5
212,33,5
212,15,4
213,2,4
213,3,5
213,7,4
213,11,3
213,15,4
213,36,4
213,13,4
213,19,3
213,17,3
213,22,4
213,18,3
213,29,5
213,25,4
213,24,5
213,21,5
214,2,3
214,7,3
214,11,4
214,15,3
214,19,3
214,36,4
214,24,4
214,16,3
214,18,3
214,26,4
214,17,3
214,10,3
214,35,4
214,25,5
214,29,4
214,13,5
214,37,5
214,3,5
214,47,3
215,2,4
215,3,3
215,11,3
215,15,4
215,19,4
215,41,4
215,7,4
215,36,5
215,13,3
215,24,3
215,39,5
215,18,3
215,17,3
215,10,5
215,26,5
215,25,4
216,36,4
216,24,4
216,13,4
216,39,3
216,18,4
216,16,3
216,10,3
216,17,3
216,32,4
216,2,2
216,25,4
216,21,5
217,39,3
217,24,4
217,10,3
217,16,3
217,18,3
217,17,3
217,13,3
217,2,3
217,25,4
217,21,5
218,2,4
218,3,4
218,7,4
218,11,3
218,15,3
218,47,3
218,24,3
218,36,3
218,13,3
218,19,3
218,22,3
218,16,3
218,26,3
218,33,5
218,53,4
218,25,3
218,29,4
219,2,5
219,3,5
219,7,5
219,11,5
219,15,5
219,19,5
219,47,5
219,35,5
219,16,5
219,26,5
219,10,5
219,17,5
219,50,5
219,25,5
219,29,5
220,2,4
220,7,4
220,11,4
220,3,3
220,19,3
220,24,4
220,39,4
220,13,3
220,47,2
220,17,3
220,22,4
220,18,3
220,15,3
220,25,3
220,29,3
220,21,5
220,26,4
221,2,3
221,3,3
221,7,3
221,11,3
221,15,2
221,19,3
221,16,3
221,39,3
221,36,5
221,24,4
221,13,3
221,22,3
221,37,3
221,26,4
221,17,3
221,33,4
221,53,5
221,25,5
221,18,2
222,2,5
222,3,5
222,7,5
222,11,5
222,15,5
222,47,5
222,19,5
222,39,5
222,35,4
222,24,5
222,18,4
222,22,4
222,17,5
222,16,5
222,33,4
222,53,5
222,25,5
222,29,5
222,13,5
222,44,5
222,10,5
222,26,4
222,21,5
223,11,3
223,2,3
223,3,3
223,15,3
223,24,3
223,36,3
223,7,3
223,13,3
223,22,3
223,26,3
223,53,4
223,25,3
223,29,5
223,19,3
223,17,3
224,2,4
224,3,3
224,11,3
224,7,3
224,19,2
224,13,2
224,39,3
224,26,3
224,16,3
224,22,2
224,29,3
224,25,3
224,33,4
224,36,4
224,17,3
224,15,3
224,47,2
225,11,3
225,7,3
225,2,4
225,3,4
225,15,2
225,26,4
225,17,3
225,25,4
225,29,3
225,32,2
225,16,4
225,18,2
225,19,3
226,13,4
226,11,4
226,7,5
226,2,5
226,3,5
226,15,4
226,17,4
226,29,4
226,35,2
226,25,4
226,16,4
226,19,4
226,18,3
227,7,4
227,13,3
227,24,3
227,17,3
227,3,4
227,22,3
227,11,4
227,25,3
227,2,5
227,15,3
228,11,3
228,13,3
228,7,3
228,24,3
228,22,3
228,3,3
228,17,3
228,25,3
228,2,3
228,29,4
228,18,2
229,7,2
229,11,3
229,24,3
229,17,4
229,3,4
229,22,4
229,13,4
229,25,4
229,2,4
229,21,5
230,54,4
230,2,5
230,11,4
230,7,4
230,47,3
230,19,3
230,3,5
230,17,4
230,50,4
230,25,4
230,29,4
230,13,2
230,36,4
230,18,3
230,16,4
231,54,3
231,2,5
231,19,2
231,22,3
231,15,5
231,3,5
231,17,3
231,24,4
231,25,3
231,11,4
231,13,4
231,18,3
231,47,3
231,21,5
232,2,3
232,15,2
232,3,2
232,11,4
232,24,4
232,39,3
232,7,4
232,13,4
232,19,3
232,18,3
232,22,3
232,16,2
232,47,4
232,17,3
232,25,3
233,2,4
233,3,3
233,41,4
233,41,4
233,36,5
233,24,3
233,13,3
233,18,3
233,19,3
233,15,2
233,22,2
233,10,3
233,16,4
233,7,4
233,39,3
233,25,4
233,11,3
233,37,5
233,21,5
233,44,3
233,33,3
234,2,3
234,3,3
234,41,3
234,11,3
234,36,3
234,26,4
234,15,2
234,18,2
234,29,3
234,25,5
234,24,3
234,35,4
234,13,3
234,16,4
234,44,4
234,21,5
235,2,3
235,41,2
235,7,3
235,54,3
235,11,3
235,22,4
235,16,4
235,36,4
235,13,3
235,29,4
235,15,2
235,10,4
235,17,5
235,50,4
235,25,4
236,2,5
236,3,4
236,7,5
236,11,4
236,15,5
236,19,4
236,44,5
236,22,5
236,18,4
236,26,5
236,17,5
236,36,5
236,33,5
236,24,5
236,13,4
236,16,5
236,10,5
236,45,4
236,50,4
236,25,5
237,7,4
237,10,3
237,11,4
237,19,3
237,3,5
237,15,4
237,39,4
237,24,4
237,36,3
237,35,3
237,13,5
237,2,5
237,53,5
237,18,5
237,47,4
237,17,5
237,54,5
237,25,4
237,45,4
238,2,5
238,3,5
238,7,5
238,41,5
238,10,5
238,11,5
238,15,5
238,19,5
238,35,5
238,36,5
238,24,5
238,33,4
238,50,4
238,25,5
238,13,4
238,18,4
238,17,5
238,26,5
238,45,5
238,54,5
239,2,4
239,7,3
239,54,3
239,11,3
239,3,4
239,47,3
239,19,4
239,15,4
239,18,5
239,17,5
239,21,5
239,16,4
239,36,5
239,25,5
239,24,5
239,45,4
239,13,5
240,2,3
240,41,4
240,10,3
240,11,4
240,15,5
240,3,5
240,19,5
240,36,5
240,24,4
240,17,4
240,53,4
240,25,4
240,13,3
240,26,3
241,2,3
241,3,3
241,10,2
241,41,3
241,35,4
241,13,3
241,24,3
241,36,4
241,22,2
241,17,3
241,18,2
241,16,4
241,44,4
241,26,4
242,2,4
242,3,5
242,10,4
242,15,5
242,19,5
242,22,5
242,47,5
242,36,5
242,24,5
242,13,4
242,11,5
242,18,4
242,16,5
242,26,4
242,17,5
242,25,4
242,45,4
242,29,5
243,3,4
243,8,4
243,7,4
243,2,4
243,41,3
243,15,3
243,19,3
243,35,4
243,36,5
243,13,3
243,24,5
243,39,3
243,18,5
243,22,5
243,17,4
243,44,3
243,25,5
243,11,5
244,2,5
244,8,4
244,7,5
244,41,5
244,11,4
244,15,4
244,3,5
244,19,5
244,36,5
244,24,4
244,13,4
244,22,5
244,17,4
244,50,5
244,25,3
244,18,4
245,2,5
245,3,5
245,11,5
245,54,5
245,7,5
245,10,4
245,19,4
245,15,4
245,24,5
245,13,5
245,36,5
245,35,5
245,16,5
245,22,5
245,18,4
245,25,5
245,50,5
245,45,4
245,33,4
245,21,4
245,47,5
245,39,5
245,17,4
246,2,2
246,8,2
246,7,3
246,15,3
246,19,4
246,10,4
246,24,4
246,39,3
246,36,3
246,13,4
246,3,4
246,18,4
246,37,4
246,17,4
246,33,4
246,45,5
246,50,5
246,25,4
246,11,4
246,22,5
247,2,5
247,3,4
247,8,4
247,7,4
247,54,5
247,11,5
247,15,4
247,19,5
247,47,5
247,35,5
247,24,5
247,36,5
247,18,4
247,16,5
247,10,5
247,17,5
247,45,4
247,29,5
247,25,4
247,13,5
247,22,5
247,37,5
247,21,5
248,2,5
248,8,3
248,3,3
248,41,4
248,7,3
248,19,5
248,15,4
248,10,5
248,39,5
248,11,5
248,13,5
248,36,5
248,16,5
248,18,4
248,17,5
248,24,5
248,45,5
248,25,5
248,29,5
248,22,5
249,2,4
249,3,3
249,7,4
249,15,3
249,10,4
249,11,5
249,36,5
249,13,4
249,19,5
249,18,5
249,47,5
249,17,5
249,24,5
249,50,5
249,25,5
250,2,4
250,3,3
250,8,3
250,7,4
250,15,3
250,19,3
250,36,5
250,35,3
250,39,4
250,13,4
250,11,5
250,24,4
250,18,4
250,16,4
250,22,5
250,25,5
250,21,5
251,2,4
251,8,5
251,3,4
251,7,5
251,11,3
251,54,4
251,15,3
251,19,3
251,47,4
251,35,5
251,24,4
251,36,4
251,26,5
251,18,4
251,16,4
251,13,4
251,45,4
251,25,5
251,50,4
251,22,5
251,21,4
252,2,5
252,7,3
252,3,4
252,15,3
252,11,5
252,24,4
252,36,5
252,13,3
252,19,5
252,18,4
252,10,4
252,17,5
252,45,5
252,25,5
252,29,5
252,37,5
253,2,4
253,3,2
253,8,2
253,19,3
253,15,3
253,22,5
253,26,5
253,10,5
253,7,5
253,36,5
253,13,5
253,11,5
253,39,5
253,33,5
253,18,5
253,17,5
253,44,4
253,16,4
253,37,5
253,21,5
254,2,3
254,3,4
254,11,4
254,15,4
254,19,4
254,10,4
254,24,5
254,36,4
254,35,4
254,13,4
254,18,3
254,22,5
254,16,5
254,17,5
254,33,4
254,45,4
254,25,4
254,29,4
254,21,5
255,2,4
255,8,3
255,7,3
255,15,3
255,13,3
255,11,4
255,17,4
255,19,4
255,44,5
255,26,4
255,3,4
255,50,5
255,45,4
255,25,5
255,29,5
256,2,4
256,3,4
256,7,3
256,41,3
256,19,3
256,10,4
256,36,5
256,24,5
256,13,4
256,11,5
256,15,5
256,18,4
256,17,4
256,29,5
256,25,4
256,16,5
257,2,5
257,3,5
257,7,5
257,54,5
257,11,4
257,15,3
257,19,4
257,10,4
257,36,5
257,13,4
257,39,5
257,18,5
257,16,5
257,26,5
257,17,4
257,24,4
257,45,5
257,25,4
258,2,4
258,3,3
258,8,3
258,7,3
258,15,3
258,10,4
258,36,4
258,11,4
258,18,3
258,26,4
258,47,4
258,17,4
258,50,4
258,25,4
258,13,5
258,37,4
259,7,3
259,11,3
259,36,3
259,18,3
259,47,4
259,3,4
259,17,4
259,2,5
259,25,5
259,54,5
259,24,4
259,16,5
259,15,4
259,26,5
260,2,3
260,3,4
260,7,3
260,11,4
260,15,5
260,19,4
260,47,4
260,10,4
260,36,5
260,39,4
260,13,4
260,18,4
260,16,5
260,26,3
260,17,4
260,45,5
260,24,5
260,50,4
260,25,4
260,22,5
261,2,4
261,3,5
261,11,4
261,15,4
261,19,3
261,36,4
261,13,3
261,18,3
261,17,4
261,26,4
261,16,3
261,22,3
261,35,4
261,7,4
261,24,3
261,25,3
262,2,4
262,3,3
262,19,4
262,41,4
262,7,3
262,11,4
262,22,4
262,15,3
262,17,3
262,35,3
262,24,4
262,29,4
262,13,3
262,36,5
262,50,4
262,25,4
262,10,3
263,2,3
263,3,4
263,19,3
263,10,3
263,11,3
263,24,2
263,39,3
263,35,4
263,36,3
263,47,5
263,16,3
263,18,5
263,15,4
263,26,4
263,17,2
263,7,4
263,13,4
263,25,3
263,45,3
263,50,4
263,37,5
263,22,4
263,44,4
264,3,4
264,7,4
264,54,4
264,11,4
264,2,5
264,39,5
264,29,5
264,13,3
264,19,4
264,17,4
264,10,4
264,16,5
264,36,4
264,25,4
264,24,4
264,15,4
264,47,4
265,2,3
265,3,3
265,7,3
265,11,3
265,15,3
265,36,3
265,13,3
265,19,3
265,26,4
265,16,3
265,22,2
265,25,4
265,53,4
265,33,5
265,29,3
266,7,3
266,47,3
266,11,3
266,2,5
266,15,3
266,17,4
266,10,3
266,26,3
266,3,5
266,25,5
266,36,4
266,13,3
266,22,4
266,21,4
267,2,3
267,7,4
267,3,3
267,15,2
267,19,3
267,47,3
267,24,3
267,39,3
267,11,4
267,18,3
267,16,4
267,10,4
267,17,4
267,45,4
267,25,3
267,13,5
267,44,4
268,2,5
268,3,4
268,7,5
268,11,4
268,15,4
268,19,4
268,54,5
268,39,4
268,13,3
268,18,4
268,47,4
268,10,5
268,17,5
268,33,4
268,25,4
268,45,4
268,22,5
268,26,4
269,2,5
269,3,5
269,7,4
269,41,5
269,11,3
269,15,5
269,19,3
269,47,5
269,35,5
269,39,5
269,13,4
269,24,4
269,18,5
269,26,5
269,17,5
269,33,5
269,45,5
269,25,3
269,50,5
269,44,5
270,2,3
270,7,3
270,41,4
270,3,4
270,15,4
270,11,4
270,24,4
270,39,4
270,17,4
270,10,4
270,16,4
270,19,3
270,18,3
270,13,4
270,25,5
270,45,4
270,33,5
270,26,5
270,44,5
271,2,4
271,7,4
271,3,4
271,15,4
271,19,3
271,39,4
271,24,3
271,11,4
271,18,4
271,16,5
271,10,4
271,17,4
271,25,4
271,13,5
272,2,5
272,3,3
272,47,3
272,7,4
272,39,3
272,11,4
272,13,3
272,15,3
272,26,4
272,16,3
272,19,3
272,22,3
272,25,3
272,36,4
272,29,4
273,2,5
273,3,4
273,7,5
273,11,5
273,19,5
273,15,4
273,47,5
273,36,4
273,13,3
273,17,3
273,24,4
273,25,4
273,29,4
273,18,4
274,2,4
274,3,4
274,7,4
274,11,3
274,36,4
274,54,4
274,10,5
274,15,3
274,47,4
274,50,5
274,13,4
274,25,5
274,29,4
274,26,3
275,2,4
275,7,4
275,11,4
275,35,4
275,36,4
275,54,5
275,15,4
275,3,5
275,19,5
275,10,5
275,47,5
275,26,4
275,33,5
275,25,4
275,50,4
275,24,5
275,13,4
276,7,3
276,54,3
276,3,4
276,47,3
276,17,4
276,45,3
276,2,5
276,13,4
276,11,4
276,25,3
276,18,4
276,19,4
276,15,3
276,16,4
277,54,3
277,2,5
277,7,3
277,3,5
277,17,3
277,13,3
277,11,5
277,24,4
277,25,3
277,16,5
277,19,4
277,18,3
278,54,4
278,11,4
278,7,4
278,2,5
278,19,4
278,3,5
278,17,4
278,29,4
278,24,4
278,25,4
278,18,5
278,16,5
279,11,2
279,7,3
279,17,3
279,47,2
279,3,3
279,13,3
279,29,4
279,25,3
279,24,3
279,2,4
279,54,4
279,18,3
279,16,4
279,10,2
280,2,4
280,7,3
280,32,3
280,11,3
280,55,5
280,3,3
280,56,5
280,18,4
280,17,4
280,47,4
280,24,4
280,25,4
280,29,5
280,13,4
280,16,4
280,10,4
281,54,3
281,7,4
281,47,4
281,3,4
281,17,4
281,13,4
281,11,4
281,25,4
281,2,5
281,24,4
281,19,4
281,18,5
282,54,4
282,7,4
282,2,4
282,3,5
282,47,4
282,18,4
282,17,4
282,13,5
282,25,3
282,24,5
282,11,5
282,19,5
282,16,4
283,7,4
283,11,3
283,54,4
283,17,4
283,3,3
283,18,3
283,2,5
283,24,4
283,13,4
283,25,4
283,16,4
284,2,4
284,3,3
284,8,4
284,7,3
284,24,4
284,11,4
284,13,4
284,19,4
284,15,5
284,18,3
284,17,4
284,35,5
284,33,4
284,45,5
284,29,4
284,37,4
284,16,5
284,39,5
284,25,5
285,7,5
285,2,4
285,54,5
285,11,3
285,13,3
285,3,4
285,15,3
285,10,4
285,47,4
285,18,4
285,26,5
285,29,4
285,25,4
285,44,4
286,2,5
286,3,5
286,8,4
286,7,5
286,41,4
286,36,5
286,11,5
286,19,5
286,15,5
286,18,5
286,16,4
286,35,5
286,33,5
286,24,5
286,50,5
286,13,5
286,22,5
286,21,5
286,25,5
287,2,5
287,3,4
287,7,4
287,15,3
287,19,4
287,10,5
287,39,5
287,36,4
287,11,5
287,13,5
287,17,4
287,26,5
287,18,5
287,16,5
287,45,5
287,24,5
287,50,5
287,25,5
287,33,5
288,3,4
288,7,4
288,41,4
288,15,3
288,24,3
288,39,4
288,13,4
288,22,4
288,47,3
288,17,3
288,21,5
288,2,5
288,25,4
288,11,5
289,2,5
289,3,4
289,11,4
289,15,4
289,19,4
289,47,3
289,7,4
289,13,3
289,36,4
289,26,5
289,17,5
289,50,4
289,33,4
289,25,4
290,2,4
290,3,4
290,54,4
290,11,4
290,7,5
290,35,5
290,36,4
290,15,5
290,19,4
290,17,5
290,10,5
290,18,4
290,22,5
290,33,5
290,25,5
290,24,5
290,13,5
291,2,5
291,3,5
291,10,5
291,11,4
291,41,4
291,19,4
291,15,4
291,39,4
291,35,4
291,13,3
291,26,5
291,17,3
291,25,3
291,37,4
292,2,4
292,3,4
292,41,3
292,47,4
292,11,4
292,24,3
292,36,5
292,13,4
292,15,3
292,18,4
292,16,5
292,17,3
292,33,4
292,25,4
292,29,5
292,57,4
293,2,5
293,3,4
293,8,4
293,7,5
293,11,5
293,15,5
293,19,5
293,35,5
293,13,5
293,16,5
293,26,5
293,33,5
293,45,4
293,50,5
293,25,5
293,58,4
294,2,4
294,7,3
294,11,4
294,15,4
294,18,5
294,16,5
294,17,5
294,33,5
294,13,5
294,25,5
294,45,5
294,39,5
294,24,5
294,3,5
294,22,5
294,57,5
295,2,5
295,3,4
295,8,4
295,41,5
295,7,4
295,41,4
295,15,5
295,24,5
295,36,5
295,33,4
295,18,4
295,16,5
295,26,5
295,17,5
295,25,5
295,13,4
295,11,4
295,45,4
295,50,5
295,19,4
295,22,4
296,2,4
296,3,3
296,8,3
296,7,4
296,11,3
296,19,3
296,15,2
296,47,4
296,36,5
296,24,3
296,13,4
296,18,3
296,17,3
296,33,3
296,25,5
296,29,5
297,2,5
297,3,3
297,8,4
297,7,3
297,19,3
297,10,3
297,36,4
297,24,4
297,13,4
297,11,5
297,15,4
297,18,4
297,17,5
297,45,4
297,25,4
298,2,4
298,7,3
298,54,4
298,11,3
298,10,5
298,47,5
298,19,5
298,15,4
298,13,2
298,39,4
298,36,4
298,3,5
298,17,4
298,26,5
298,18,5
298,25,5
298,29,5
298,24,5
298,33,5
298,22,4
298,37,4
298,44,3
299,2,5
299,3,4
299,7,5
299,11,4
299,15,5
299,19,4
299,35,4
299,13,5
299,18,4
299,26,5
299,16,5
299,33,4
299,50,5
299,25,5
299,29,5
299,44,5
299,58,5
300,2,3
300,3,4
300,7,3
300,11,3
300,15,5
300,19,3
300,35,2
300,36,3
300,13,3
300,18,2
300,16,3
300,26,3
300,10,2
300,17,3
300,33,4
300,45,5
300,29,5
300,25,5
300,50,5
300,39,5
300,58,5
300,44,5
300,37,5
300,22,5
300,57,5
301,2,3
301,15,3
301,3,3
301,54,4
301,36,5
301,7,4
301,11,3
301,10,4
301,17,3
301,25,4
301,29,5
301,16,4
301,44,3
301,26,3
302,2,4
302,7,3
302,11,3
302,15,2
302,10,3
302,36,4
302,13,3
302,26,3
302,17,3
302,33,3
302,25,5
302,22,3
302,44,4
302,58,4
303,2,4
303,3,5
303,7,4
303,11,4
303,10,3
303,15,2
303,47,4
303,36,5
303,17,3
303,19,3
303,16,4
303,45,3
303,13,3
303,29,4
303,25,3
303,22,3
303,44,4
303,37,4
304,3,4
304,7,4
304,2,5
304,47,4
304,24,4
304,36,4
304,11,4
304,13,3
304,15,4
304,19,4
304,18,4
304,17,4
304,35,4
304,25,4
305,3,5
305,59,3
305,60,2
305,7,4
305,11,5
305,19,3
305,54,5
305,24,5
305,36,5
305,13,4
305,15,5
305,16,5
305,47,5
305,17,5
305,2,5
305,50,5
305,25,5
305,29,5
305,58,5
306,3,3
306,7,3
306,54,5
306,11,4
306,24,4
306,36,5
306,13,4
306,15,3
306,16,5
306,47,3
306,17,4
306,2,4
306,25,3
306,22,5
307,2,4
307,3,5
307,41,3
307,10,3
307,11,4
307,24,4
307,36,5
307,13,4
307,47,4
307,26,5
307,17,5
307,15,3
307,18,3
307,25,4
307,45,5
307,50,5
307,7,4
307,16,5
307,22,3
307,44,5
307,58,4
307,57,4
308,3,3
308,7,3
308,2,4
308,15,3
308,19,3
308,47,4
308,36,4
308,24,4
308,13,4
308,16,4
308,18,4
308,17,4
308,35,4
308,33,4
308,45,5
308,50,5
308,25,5
308,11,4
308,22,4
308,37,5
308,44,5
308,26,5
308,58,5
308,57,4
309,11,3
309,15,3
309,47,4
309,3,4
309,10,4
309,35,5
309,36,4
309,24,4
309,13,4
309,19,5
309,18,5
309,17,5
309,26,5
309,16,5
309,7,4
309,45,5
309,2,5
309,25,5
309,58,5
309,44,5
309,57,5
310,13,4
310,36,4
310,24,4
310,17,4
310,18,5
310,19,5
310,16,5
310,29,5
310,45,4
310,25,4
311,2,3
311,11,4
311,7,4
311,3,5
311,15,4
311,19,3
311,47,3
311,13,4
311,24,4
311,36,5
311,26,4
311,18,4
311,33,5
311,25,5
312,2,3
312,3,3
312,7,3
312,47,4
312,24,3
312,36,3
312,13,3
312,15,4
312,19,5
312,18,3
312,17,4
312,33,5
312,25,5
312,11,4
313,2,4
313,3,4
313,7,4
313,11,3
313,24,3
313,36,4
313,13,3
313,15,4
313,18,3
313,26,4
313,47,5
313,33,3
313,25,4
313,22,3
314,2,4
314,3,4
314,7,5
314,11,4
314,15,5
314,19,4
314,36,4
314,13,4
314,24,4
314,18,4
314,26,4
314,47,4
314,33,4
314,17,4
315,2,4
315,7,3
315,3,3
315,47,3
315,36,4
315,24,3
315,13,4
315,18,3
315,17,3
315,15,4
315,25,4
315,11,4
315,29,5
315,44,3
316,2,4
316,3,5
316,54,3
316,7,4
316,11,4
316,15,2
316,19,3
316,47,4
316,36,3
316,39,2
316,16,4
316,26,3
316,29,5
316,25,4
316,50,4
316,45,3
316,33,4
316,57,3
316,58,4
316,44,4
316,37,5
316,17,3
316,22,3
317,2,4
317,3,4
317,7,4
317,54,5
317,11,4
317,15,4
317,47,4
317,10,5
317,36,5
317,13,5
317,24,4
317,18,5
317,26,5
317,17,5
317,45,5
317,33,5
317,25,4
318,2,5
318,3,4
318,7,5
318,11,4
318,47,4
318,24,4
318,36,5
318,13,4
318,55,5
318,15,5
318,18,4
318,10,4
318,17,4
318,33,4
318,25,5
318,56,5
319,2,5
319,3,4
319,7,4
319,54,4
319,11,4
319,10,4
319,15,4
319,24,4
319,36,4
319,47,4
319,17,4
319,18,3
319,13,4
319,45,3
319,25,4
319,19,3
320,2,5
320,3,5
320,7,5
320,54,5
320,11,5
320,15,5
320,47,4
320,10,5
320,36,5
320,13,5
320,24,5
320,18,5
320,26,5
320,17,5
320,45,5
320,33,5
320,25,5
321,2,4
321,3,4
321,7,4
321,54,4
321,11,4
321,15,5
321,47,4
321,10,5
321,36,5
321,13,4
321,24,5
321,18,5
321,26,4
321,17,5
321,45,4
321,33,4
321,25,4
322,54,4
322,2,3
322,7,4
322,10,3
322,47,4
322,15,3
322,17,3
322,33,4
322,25,5
322,29,5
322,11,3
322,16,5
322,44,4
322,58,4
323,7,4
323,2,4
323,13,4
323,17,4
323,47,4
323,3,3
323,18,4
323,29,5
323,25,5
323,33,5
323,11,4
323,16,5
323,44,4
323,58,4
324,54,4
324,2,3
324,7,4
324,10,4
324,47,3
324,16,4
324,17,3
324,33,4
324,25,4
324,29,4
324,11,4
324,44,3
324,26,4
324,58,4
325,7,4
325,2,3
325,13,3
325,18,3
325,16,4
325,33,3
325,25,4
325,11,3
325,29,4
325,37,4
325,44,3
325,47,3
325,26,3
325,58,3
326,7,3
326,11,2
326,2,3
326,47,3
326,10,2
326,17,3
326,33,3
326,25,3
326,45,3
326,3,3
326,15,2
326,16,4
326,22,2
326,44,3
327,2,4
327,10,5
327,3,4
327,47,3
327,7,3
327,13,3
327,17,3
327,15,2
327,22,2
327,16,4
327,11,4
327,32,3
327,61,4
327,62,4
328,3,4
328,47,4
328,7,5
328,54,5
328,11,4
328,19,4
328,15,4
328,16,4
328,17,3
328,10,4
328,26,4
328,2,5
328,13,3
328,24,4
328,22,3
328,44,5
329,2,5
329,3,4
329,7,4
329,41,4
329,11,5
329,15,5
329,19,5
329,41,3
329,36,4
329,35,5
329,39,4
329,13,4
329,24,5
329,18,5
329,22,3
329,16,4
329,17,4
329,33,4
329,45,5
329,29,5
329,25,5
329,62,4
330,3,3
330,7,4
330,2,5
330,11,4
330,15,5
330,19,5
330,35,5
330,24,4
330,13,5
330,18,5
330,17,5
330,26,4
330,16,5
330,22,3
330,44,4
330,57,4
330,58,4
330,63,3
330,61,5
331,2,5
331,3,5
331,47,5
331,15,3
331,13,3
331,36,4
331,7,4
331,26,3
331,17,4
331,16,4
331,29,4
331,11,3
331,24,3
331,19,3
331,18,3
331,61,3
332,2,5
332,3,4
332,7,5
332,11,5
332,15,4
332,19,5
332,36,4
332,13,4
332,18,4
332,26,5
332,47,5
332,22,5
332,16,4
332,17,3
333,54,4
333,2,5
333,7,4
333,11,4
333,47,5
333,15,5
333,3,4
333,17,5
333,24,4
333,13,3
333,22,5
333,16,4
333,44,5
333,26,4
333,64,4
333,61,5
334,11,3
334,2,4
334,47,3
334,3,3
334,13,4
334,24,4
334,36,5
334,7,5
334,55,5
334,15,5
334,18,4
334,10,5
334,17,5
334,56,5
334,22,5
334,65,4
334,61,4
335,11,3
335,2,4
335,7,4
335,16,4
335,17,4
335,15,2
335,33,4
335,29,5
335,13,3
335,62,4
335,66,5
336,2,4
336,3,5
336,7,4
336,11,4
336,15,5
336,19,5
336,24,5
336,36,3
336,35,3
336,13,4
336,16,5
336,26,4
336,17,5
336,62,5
336,17,5
336,66,5
336,65,5
336,61,5
336,67,4
337,2,3
337,15,3
337,47,4
337,7,4
337,36,3
337,24,3
337,11,4
337,13,2
337,18,4
337,19,4
337,16,3
337,17,4
337,10,2
337,26,3
337,33,3
337,45,3
337,50,4
337,29,4
337,25,4
337,3,4
337,68,4
338,2,5
338,3,5
338,11,4
338,7,4
338,10,5
338,47,5
338,15,5
338,24,5
338,54,5
338,36,5
338,13,5
338,16,5
338,17,5
338,22,5
338,18,4
338,19,4
338,63,5
338,66,5
338,61,3
338,69,4
338,67,4
339,3,4
339,7,5
339,54,5
339,15,5
339,47,3
339,36,4
339,39,5
339,24,5
339,11,5
339,13,5
339,19,4
339,18,4
339,17,5
339,10,5
339,16,5
339,22,4
339,62,5
339,66,5
339,61,5
339,70,1
339,67,5
339,68,5
339,29,4
340,7,3
340,11,3
340,10,3
340,36,4
340,54,3
340,13,3
340,15,3
340,16,4
340,17,3
340,2,4
340,62,4
340,61,3
340,3,3
340,19,3
340,67,4
341,2,3
341,3,4
341,7,2
341,11,2
341,16,4
341,15,4
341,47,3
341,10,3
341,36,3
341,24,3
341,54,3
341,13,3
341,22,3
341,44,4
342,2,4
342,3,4
342,11,3
342,47,3
342,10,4
342,15,3
342,7,4
342,36,5
342,13,3
342,16,3
342,17,4
342,17,4
342,71,3
342,65,5
343,2,4
343,3,4
343,47,5
343,15,5
343,10,5
343,7,5
343,36,5
343,39,5
343,24,5
343,13,5
343,19,5
343,17,5
343,16,5
343,22,5
343,18,5
343,62,5
343,17,5
343,61,5
343,65,5
343,66,5
343,70,1
343,68,5
344,2,4
344,3,5
344,7,4
344,11,5
344,15,4
344,19,4
344,16,3
344,36,5
344,39,4
344,24,4
344,13,4
344,18,5
344,22,5
344,17,5
344,10,5
344,47,5
344,26,5
344,64,5
344,17,5
344,66,5
344,61,4
344,65,5
344,70,1
344,67,5
344,29,5
345,7,3
345,3,3
345,13,4
345,11,3
345,24,4
345,2,5
345,36,5
345,16,4
345,17,3
345,15,3
345,71,4
345,62,5
345,17,5
345,61,3
345,67,5
346,2,3
346,3,4
346,15,2
346,24,3
346,39,3
346,36,5
346,7,5
346,11,4
346,13,4
346,19,3
346,18,3
346,22,2
346,26,2
346,61,4
346,47,5
346,17,4
347,2,5
347,3,5
347,7,4
347,11,4
347,15,4
347,47,5
347,10,5
347,24,5
347,36,5
347,13,5
347,19,5
347,18,5
347,16,5
347,17,5
347,45,4
347,25,5
347,39,4
347,69,5
347,67,5
348,2,3
348,3,5
348,47,4
348,7,5
348,36,3
348,11,5
348,13,4
348,15,5
348,17,5
348,18,5
348,19,5
348,61,5
348,17,4
348,39,5
348,69,5
349,3,5
349,11,5
349,10,5
349,7,5
349,15,5
349,54,5
349,17,4
349,47,3
349,2,5
349,24,5
349,16,4
349,19,5
349,61,4
349,17,4
349,71,5
349,64,4
349,70,1
349,18,5
350,2,5
350,3,4
350,15,3
350,19,3
350,7,4
350,24,3
350,11,4
350,13,4
350,18,3
350,17,4
350,16,4
350,33,3
350,50,4
350,25,2
350,69,2
350,68,4
350,29,5
350,67,4
351,2,4
351,7,5
351,54,5
351,11,5
351,3,5
351,15,5
351,10,5
351,47,4
351,36,5
351,24,5
351,39,4
351,13,5
351,18,5
351,22,4
351,26,4
351,17,5
351,17,5
351,65,5
351,61,4
351,29,4
351,67,4
352,2,5
352,3,5
352,11,4
352,7,5
352,15,4
352,36,3
352,39,5
352,24,4
352,13,5
352,35,4
352,17,4
352,26,5
352,16,4
352,22,5
352,18,5
352,17,4
352,66,5
352,65,3
352,61,4
352,19,5
352,67,5
353,2,3
353,3,4
353,47,5
353,7,5
353,24,5
353,11,5
353,13,5
353,15,5
353,19,4
353,17,4
353,16,5
353,18,5
353,39,5
353,17,4
353,70,1
353,68,5
353,69,4
354,2,5
354,3,4
354,54,4
354,7,5
354,11,5
354,15,5
354,16,4
354,47,4
354,10,5
354,39,4
354,36,5
354,24,4
354,13,4
354,19,3
354,18,5
354,17,4
354,62,5
354,66,5
354,61,4
354,69,5
354,29,5
354,68,4
354,67,5
355,2,4
355,3,4
355,7,4
355,11,4
355,15,3
355,47,3
355,10,4
355,39,4
355,13,4
355,24,4
355,18,4
355,22,3
355,17,4
355,61,5
355,67,4
356,2,5
356,3,5
356,41,4
356,11,4
356,7,5
356,41,5
356,15,4
356,39,5
356,24,5
356,36,4
356,13,5
356,47,4
356,10,5
356,17,5
356,18,5
356,25,4
356,45,5
356,67,5
356,69,5
356,19,5
357,54,5
357,7,3
357,47,3
357,15,3
357,10,3
357,36,3
357,24,3
357,11,4
357,13,3
357,56,4
357,17,3
357,16,5
357,22,4
357,3,4
357,18,3
357,2,4
357,55,5
357,62,5
357,70,1
358,2,4
358,7,4
358,10,3
358,11,4
358,36,5
358,24,3
358,13,3
358,3,3
358,15,4
358,62,5
358,71,4
358,65,4
358,61,4
358,18,3
358,67,5
358,17,3
359,2,3
359,11,3
359,7,3
359,3,3
359,15,3
359,47,4
359,10,4
359,24,4
359,39,3
359,36,5
359,13,4
359,18,4
359,22,3
359,26,4
359,17,3
359,17,3
359,61,4
359,66,5
359,65,3
359,19,3
359,67,4
360,2,5
360,3,5
360,10,5
360,15,4
360,11,5
360,54,5
360,7,5
360,24,5
360,13,4
360,39,4
360,35,4
360,19,4
360,18,5
360,22,4
360,16,5
360,61,4
360,64,3
360,62,5
360,29,4
360,68,4
361,2,4
361,3,3
361,7,5
361,36,3
361,24,5
361,11,5
361,13,4
361,19,5
361,15,5
361,18,4
361,17,4
361,16,5
361,39,5
361,17,4
361,61,5
361,70,1
361,26,5
361,45,5
361,50,5
362,2,3
362,39,5
362,24,4
362,11,5
362,13,4
362,18,4
362,10,4
362,17,4
362,62,5
362,17,5
362,61,5
362,29,5
362,68,5
362,67,4
363,2,4
363,3,3
363,7,3
363,47,4
363,11,4
363,24,3
363,39,4
363,13,4
363,15,3
363,19,3
363,18,3
363,16,4
363,17,3
363,62,5
363,61,5
364,2,5
364,3,5
364,7,5
364,54,4
364,11,5
364,47,4
364,19,4
364,13,4
364,24,4
364,39,4
364,35,5
364,36,3
364,17,5
364,16,5
364,15,5
364,65,5
364,62,5
364,66,5
364,70,1
364,61,5
364,17,5
364,69,3
364,67,4
365,7,4
365,54,3
365,3,3
365,13,3
365,63,3
365,2,4
365,36,5
365,11,4
365,69,5
365,17,3
365,19,4
365,18,4
366,2,5
366,7,5
366,54,4
366,11,5
366,3,5
366,15,4
366,47,4
366,10,4
366,39,5
366,24,5
366,13,3
366,29,5
366,25,5
366,36,4
366,64,4
366,67,4
366,69,4
366,16,5
366,17,4
366,18,4
367,2,4
367,7,4
367,11,4
367,10,4
367,47,4
367,3,4
367,15,4
367,13,5
367,36,5
367,24,5
367,22,5
367,17,4
367,18,5
367,19,3
367,62,5
367,65,4
367,61,5
368,11,4
368,47,4
368,10,5
368,7,5
368,39,4
368,24,4
368,13,4
368,15,5
368,19,4
368,17,4
368,22,4
368,18,5
368,62,5
368,61,5
368,66,5
368,16,5
368,67,5
369,54,5
369,7,5
369,11,5
369,15,5
369,47,5
369,10,5
369,39,4
369,36,4
369,24,4
369,13,4
369,19,4
369,22,5
369,17,4
369,62,5
369,65,5
369,61,4
369,18,4
370,7,4
370,11,4
370,47,5
370,10,3
370,35,4
370,24,3
370,13,4
370,15,4
370,19,4
370,22,4
370,18,5
370,36,4
370,63,4
370,66,5
370,61,5
370,67,5
370,69,5
370,17,4
371,11,5
371,7,5
371,10,4
371,15,4
371,47,5
371,35,5
371,39,4
371,13,5
371,24,4
371,17,4
371,22,5
371,19,5
371,18,5
371,61,5
371,66,5
371,17,5
371,62,5
371,70,1
371,67,5
371,69,5
372,54,3
372,7,3
372,11,3
372,3,4
372,15,3
372,47,3
372,10,3
372,24,3
372,2,4
372,13,3
372,19,4
372,18,4
372,22,4
372,17,5
372,62,5
372,61,4
372,66,5
372,16,4
372,69,3
373,24,4
373,54,4
373,13,4
373,7,4
373,2,5
373,16,5
373,3,4
373,22,4
373,18,4
373,61,4
373,63,5
373,62,5
373,66,5
373,70,1
373,67,5
373,69,5
374,2,3
374,3,3
374,7,3
374,11,3
374,15,3
374,19,3
374,26,5
374,17,5
374,36,3
374,62,3
374,17,3
374,61,3
374,29,3
374,67,4
375,11,3
375,13,2
375,29,3
375,45,3
375,24,3
375,25,3
375,36,3
375,43,3
375,18,3
375,19,4
375,15,5
375,17,3
375,10,4
375,16,4
376,2,4
376,50,3
376,7,4
376,24,3
376,11,4
376,3,4
376,22,2
376,17,3
376,63,2
376,13,3
376,61,5
376,66,4
376,18,3
376,67,5
376,69,4
376,16,5
376,62,3
377,11,3
377,2,5
377,15,3
377,3,4
377,24,5
377,39,3
377,36,5
377,13,5
377,35,4
377,19,5
377,17,5
377,26,4
377,16,5
377,22,5
377,18,5
377,67,5
377,29,5
377,62,5
377,66,5
377,61,4
378,2,4
378,3,4
378,11,4
378,7,4
378,15,4
378,19,3
378,22,4
378,16,4
378,18,3
378,26,4
378,17,4
378,36,4
378,35,4
378,39,4
378,24,3
378,13,4
379,3,3
379,7,5
379,54,4
379,11,4
379,36,5
379,39,4
379,24,4
379,13,4
379,18,4
379,22,4
379,17,3
379,26,5
379,16,5
379,17,4
379,66,4
379,61,4
379,65,4
379,29,5
379,67,5
380,2,3
380,3,4
380,7,4
380,54,4
380,11,3
380,15,3
380,36,4
380,26,5
380,17,4
380,26,3
380,29,4
380,67,4
380,62,3
380,66,4
381,2,3
381,3,3
381,7,3
381,54,4
381,11,3
381,15,3
381,47,3
381,19,3
381,17,3
381,16,5
381,62,5
381,55,5
381,56,5
381,10,4
381,18,3
381,67,5
382,2,4
382,3,4
382,11,5
382,54,5
382,7,5
382,10,4
382,47,5
382,15,5
382,71,5
382,63,4
382,64,5
382,62,5
382,69,5
382,16,5
382,18,5
382,19,4
382,17,4
382,13,5
382,17,4
382,66,5
383,2,5
383,3,5
383,7,4
383,41,4
383,11,4
383,15,4
383,19,3
383,16,4
383,33,4
383,29,5
383,45,4
383,62,5
383,72,4
383,64,4
383,17,4
383,61,5
383,67,4
383,17,3
384,2,2
384,15,5
384,19,4
384,18,5
384,47,3
384,3,5
384,17,5
384,35,5
384,45,4
384,24,5
384,50,4
384,11,5
384,13,5
384,62,5
385,7,4
385,11,4
385,15,4
385,64,4
385,71,5
385,17,3
385,13,4
385,19,4
385,17,4
385,69,5
385,18,5
385,66,5
385,62,4
385,2,5
385,73,3
386,2,3
386,3,4
386,10,3
386,24,3
386,36,4
386,7,5
386,13,3
386,11,4
386,17,5
386,18,5
386,26,4
386,47,4
386,15,4
386,45,4
386,25,4
387,11,4
387,2,5
387,7,5
387,47,5
387,15,4
387,3,5
387,10,5
387,36,5
387,39,3
387,24,3
387,13,4
387,16,4
387,29,4
387,67,5
388,3,3
388,2,4
388,11,3
388,47,4
388,54,2
388,72,3
388,71,4
388,19,3
388,18,3
388,10,3
388,13,2
388,61,4
388,29,4
388,67,4
389,2,4
389,54,5
389,11,5
389,7,5
389,15,5
389,16,5
389,47,4
389,10,4
389,3,5
389,63,5
389,13,5
389,64,4
389,67,4
389,19,4
389,68,5
389,62,5
389,17,5
389,66,4
389,61,5
389,17,3
389,18,3
389,29,5
390,2,5
390,7,5
390,54,5
390,11,5
390,3,4
390,15,4
390,47,5
390,10,5
390,36,4
390,63,4
390,26,3
390,19,5
390,18,3
390,16,5
390,17,3
390,13,4
390,64,5
390,71,4
390,67,5
391,2,4
391,3,4
391,7,4
391,15,4
391,47,4
391,10,5
391,39,4
391,24,4
391,13,5
391,11,5
391,18,4
391,17,5
391,17,5
391,61,5
391,70,1
391,67,4
392,7,5
392,2,4
392,11,4
392,3,4
392,15,4
392,47,4
392,10,4
392,36,5
392,39,3
392,13,3
392,24,4
392,22,4
392,26,4
392,17,3
392,65,5
392,61,4
392,29,4
392,67,4
393,2,4
393,3,5
393,11,4
393,15,5
393,47,4
393,17,5
393,13,5
393,63,4
393,64,5
393,71,5
393,72,5
393,18,5
393,62,5
393,33,5
393,66,5
393,67,4
394,2,4
394,3,4
394,7,4
394,10,4
394,11,4
394,15,4
394,19,4
394,47,4
394,35,3
394,36,5
394,24,4
394,39,4
394,18,4
394,22,4
394,16,4
394,17,4
394,62,5
394,66,5
394,29,5
394,67,5
395,2,4
395,54,5
395,7,5
395,11,5
395,47,4
395,15,4
395,3,5
395,10,5
395,36,4
395,63,4
395,71,3
395,18,4
395,69,5
395,17,4
395,73,5
396,2,4
396,3,4
396,7,4
396,35,5
396,11,5
396,54,5
396,24,4
396,36,3
396,15,5
396,19,4
396,17,5
396,47,5
396,13,5
396,66,5
396,18,5
396,67,5
397,2,4
397,3,5
397,7,5
397,54,5
397,11,4
397,15,5
397,16,5
397,10,5
397,47,2
397,64,5
397,63,4
397,13,5
397,66,5
397,61,4
398,2,5
398,3,4
398,7,4
398,41,5
398,11,4
398,15,4
398,47,4
398,10,5
398,39,5
398,24,4
398,13,4
398,18,3
398,22,4
398,17,4
399,2,5
399,3,5
399,7,3
399,41,4
399,11,4
399,15,4
399,47,4
399,64,4
399,71,4
399,72,5
399,18,5
399,62,5
399,33,5
399,63,3
399,67,5
400,2,4
400,3,4
400,7,3
400,10,3
400,11,4
400,15,3
400,19,3
400,47,3
400,35,2
400,13,3
400,24,3
400,39,4
400,18,3
400,16,4
400,66,4
400,62,4
400,29,4
401,2,3
401,3,3
401,7,3
401,54,4
401,11,4
401,15,3
401,47,3
401,10,4
401,36,5
401,63,3
401,13,5
401,71,5
401,26,5
401,18,4
401,69,5
401,17,5
401,74,5
401,75,5
#N/A
401,65,5
402,2,4
402,11,4
402,7,3
402,3,4
402,10,4
402,47,5
402,22,4
402,17,3
402,15,3
402,36,5
402,54,5
402,63,5
402,13,5
402,62,5
402,64,5
402,17,5
402,70,1
402,61,5
402,29,4
402,67,5
402,18,4
403,2,5
403,3,4
403,7,4
403,11,5
403,17,3
403,10,4
403,19,3
403,18,3
403,22,4
403,15,3
403,68,5
403,47,5
403,69,5
403,26,4
403,64,5
403,61,4
403,54,4
403,13,4
404,2,4
404,3,5
404,11,5
404,7,5
404,47,5
404,16,4
404,22,3
404,19,4
404,15,5
404,10,4
404,18,3
404,69,5
404,67,5
404,26,5
404,17,5
404,64,5
404,63,5
404,17,5
404,66,5
404,61,5
405,2,4
405,7,3
405,3,3
405,15,3
405,47,3
405,10,4
405,36,5
405,54,3
405,11,4
405,71,4
405,26,4
405,19,3
405,69,3
405,18,2
405,17,3
406,2,3
406,3,3
406,7,3
406,10,3
406,36,4
406,64,4
406,71,5
406,11,4
406,72,5
406,45,5
406,2,5
406,66,4
406,17,4
406,63,3
406,13,4
406,19,3
406,67,5
407,2,5
407,3,5
407,7,5
407,54,4
407,11,5
407,15,5
407,19,5
407,47,4
407,22,5
407,18,4
407,16,5
407,17,5
407,10,5
407,36,5
407,63,5
407,13,5
407,26,5
407,69,5
407,67,5
407,68,5
407,65,4
408,2,5
408,3,4
408,54,4
408,7,4
408,11,5
408,19,4
408,36,4
408,71,5
408,13,5
408,26,5
408,18,5
408,17,5
408,69,5
408,16,5
408,62,5
408,64,5
408,17,5
408,61,5
408,66,5
408,70,1
408,67,5
409,2,5
409,3,4
409,7,5
409,11,5
409,15,5
409,47,5
409,36,4
409,71,4
409,26,3
409,69,5
409,66,4
409,61,5
409,19,4
409,65,5
410,2,4
410,3,5
410,7,5
410,11,5
410,15,5
410,19,5
410,47,5
410,22,4
410,18,5
410,16,5
410,17,5
410,36,5
410,64,5
410,63,5
410,13,5
410,70,1
410,62,5
410,17,5
410,61,5
411,2,4
411,7,4
411,54,4
411,10,4
411,15,3
411,3,5
411,13,5
411,64,5
411,71,5
411,11,5
411,36,5
411,69,5
411,26,4
411,19,4
411,18,4
411,16,5
411,17,4
411,66,5
411,61,4
411,70,1
411,67,5
411,68,5
411,65,5
411,29,5
412,2,4
412,3,4
412,7,3
412,11,4
412,15,3
412,19,3
412,47,5
412,54,4
412,36,5
412,63,5
412,77,1
412,18,5
412,72,5
412,64,4
412,17,4
412,66,4
412,70,1
412,13,4
412,67,4
412,29,4
413,2,4
413,3,5
413,7,4
413,54,4
413,11,5
413,15,4
413,10,4
413,47,4
413,35,4
413,24,4
413,39,4
413,13,4
413,19,5
413,18,5
413,17,4
413,69,5
413,16,5
413,36,5
413,62,5
413,64,4
413,71,3
413,66,5
413,61,4
413,26,5
413,68,5
413,65,5
413,29,5
413,67,4
414,2,5
414,3,5
414,7,4
414,11,4
414,15,5
414,16,4
414,47,5
414,10,4
414,36,4
414,26,5
414,17,4
414,18,4
414,19,4
414,62,5
414,17,4
414,61,4
414,66,5
414,69,5
414,68,5
415,2,5
415,11,4
415,13,3
415,7,4
415,16,3
415,18,3
415,17,4
415,71,3
415,17,5
415,62,4
415,29,4
415,67,5
416,2,5
416,3,4
416,7,4
416,54,3
416,47,4
416,36,4
416,64,3
416,11,5
416,19,5
416,17,4
416,10,4
416,18,4
416,62,5
416,61,4
416,66,4
416,71,4
416,67,4
417,11,3
417,54,5
417,7,4
417,10,3
417,3,3
417,47,3
417,2,3
417,39,3
417,24,3
417,17,4
417,69,4
417,16,4
417,26,5
417,18,4
417,13,3
417,64,3
417,70,1
418,7,2
418,2,5
418,19,3
418,16,3
418,17,3
418,36,4
418,78,3
418,11,2
418,66,4
418,71,2
418,68,4
418,65,4
418,69,3
418,67,4
419,13,4
419,11,4
419,2,4
419,7,4
419,17,4
419,22,4
419,18,4
419,3,4
419,16,4
419,17,4
419,66,4
419,62,4
419,29,4
419,67,4
420,2,4
420,7,4
420,16,5
420,15,4
420,3,5
420,47,5
420,17,3
420,13,4
420,11,4
420,61,4
420,63,3
420,64,2
420,36,5
420,67,5
420,29,4
421,13,5
421,7,4
421,39,5
421,22,5
421,18,5
421,19,5
421,17,5
421,66,5
421,17,5
421,64,5
421,62,5
421,36,5
421,63,5
421,70,1
421,67,5
421,29,5
422,2,5
422,3,5
422,7,5
422,54,5
422,11,5
422,15,5
422,10,5
422,36,4
422,64,4
422,63,5
422,71,5
422,18,5
422,69,5
422,17,5
423,11,5
423,54,5
423,7,5
423,47,5
423,15,5
423,10,5
423,13,5
423,70,1
423,63,5
423,64,5
423,36,5
423,71,5
423,18,5
423,16,5
423,69,5
423,17,5
423,19,5
423,17,5
423,66,5
423,68,5
424,11,5
424,54,5
424,7,5
424,19,5
424,15,5
424,47,5
424,10,5
424,13,5
424,70,1
424,63,5
424,64,5
424,36,5
424,71,5
424,18,5
424,16,5
424,69,5
424,17,5
424,26,5
424,66,5
424,68,5
424,67,5
424,29,5
425,13,5
425,11,5
425,64,5
425,2,5
425,36,4
425,18,5
425,67,5
425,17,4
425,19,4
425,3,5
425,66,5
425,71,5
425,62,5
425,70,1
425,69,5
425,73,5
425,29,5
426,2,5
426,3,4
426,7,3
426,11,3
426,35,5
426,24,5
426,13,5
426,18,5
426,19,4
426,16,3
426,26,4
426,50,4
426,69,4
426,29,4
426,67,5
426,17,4
426,62,3
426,17,4
426,66,4
427,2,4
427,3,5
427,15,4
427,7,5
427,54,5
427,11,5
427,43,5
427,19,4
427,47,5
427,10,5
427,36,5
427,24,5
427,13,4
427,18,4
427,26,4
427,17,5
427,66,5
428,3,3
428,16,4
428,10,4
428,47,3
428,18,3
428,15,3
428,24,4
428,25,3
428,36,5
428,50,4
428,13,4
428,11,4
428,17,4
428,37,4
428,22,4
428,19,3
428,7,3
428,45,3
428,2,4
429,2,4
429,3,4
429,7,3
429,41,4
429,11,3
429,19,3
429,47,3
429,35,3
429,36,3
429,13,3
429,39,2
429,18,3
429,16,4
429,17,4
429,64,4
429,62,4
429,71,4
430,2,4
430,7,4
430,11,4
430,3,5
430,15,3
430,19,3
430,35,2
430,36,3
430,54,3
430,18,3
430,47,4
430,26,2
430,16,3
430,13,4
430,62,4
430,69,4
430,67,4
430,29,4
430,73,5
430,17,5
431,2,5
431,3,4
431,7,4
431,15,4
431,47,5
431,10,5
431,71,4
431,54,5
431,36,5
431,11,5
431,62,5
431,70,1
431,63,4
431,13,5
431,17,5
431,19,5
431,18,5
431,66,5
431,17,5
432,11,5
432,71,5
432,54,3
432,72,3
432,18,4
432,69,5
432,17,4
432,19,5
432,66,4
432,17,5
432,62,5
432,67,4
432,61,5
433,11,2
433,3,3
433,47,3
433,2,4
433,13,3
433,62,4
433,66,4
433,28,3
433,17,3
433,67,4
433,29,4
433,71,4
433,61,5
433,15,4
433,17,5
434,2,4
434,15,4
434,47,4
434,3,4
434,10,4
434,36,5
434,54,5
434,63,4
434,11,4
434,26,4
434,17,4
434,16,5
434,18,4
434,13,5
434,62,5
434,71,5
434,17,4
434,29,5
434,69,4
434,66,4
435,54,4
435,19,3
435,73,3
435,47,3
435,17,3
435,71,3
435,13,3
435,61,4
435,11,3
435,26,3
435,18,3
435,69,4
435,29,4
435,67,5
435,15,3
436,7,5
436,54,5
436,11,4
436,2,5
436,47,4
436,19,4
436,69,4
436,73,4
436,71,4
436,13,4
436,64,3
436,70,1
436,18,4
436,17,3
436,3,4
436,15,4
436,36,3
437,13,4
437,2,4
437,11,4
437,18,4
437,19,4
437,3,5
437,17,4
437,66,5
437,62,5
437,70,1
437,71,5
437,15,5
438,2,5
438,3,5
438,7,4
438,41,5
438,10,4
438,11,4
438,15,5
438,47,4
438,35,5
438,36,3
438,13,4
438,39,4
438,19,5
438,18,5
438,26,5
438,17,5
438,62,4
438,71,4
438,29,5
438,67,5
439,2,4
439,7,3
439,15,3
439,47,5
439,71,4
439,63,4
439,64,4
439,13,4
439,72,5
439,18,5
439,17,5
439,62,5
439,33,5
439,11,5
439,3,5
440,2,4
440,3,3
440,11,5
440,13,4
440,24,4
440,36,5
440,26,4
440,19,4
440,64,4
440,66,4
440,67,5
440,29,4
440,18,3
440,65,5
441,2,4
441,3,4
441,41,4
441,15,3
441,47,4
441,10,4
441,39,5
441,24,4
441,13,4
441,11,5
441,18,4
441,16,5
441,17,4
441,62,5
441,28,5
442,2,3
442,7,3
442,10,3
442,78,4
442,54,3
442,11,3
442,3,3
442,79,3
442,13,3
442,71,3
442,16,5
442,73,2
442,67,4
442,17,3
443,2,5
443,3,3
443,7,3
443,36,4
443,71,4
443,63,4
443,17,3
443,10,4
443,69,3
443,16,4
443,18,3
443,11,4
443,64,4
443,54,5
443,67,4
444,2,4
444,7,3
444,3,4
444,15,2
444,13,4
444,54,5
444,11,5
444,26,4
444,19,4
444,17,4
444,10,4
444,18,3
444,20,5
444,80,5
444,16,5
444,71,5
444,70,1
445,2,4
445,54,4
445,7,2
445,3,4
445,15,4
445,47,4
445,10,4
445,11,5
445,71,4
445,64,4
445,62,4
445,13,4
445,19,4
445,26,5
445,18,4
445,69,5
445,70,1
445,63,5
445,66,5
445,68,4
445,67,5
445,17,5
445,16,5
446,43,3
446,2,4
446,7,3
446,54,3
446,71,4
446,64,3
446,36,5
446,13,3
446,26,4
446,18,3
446,17,3
446,70,1
446,62,4
446,11,4
446,15,4
446,3,4
446,28,5
447,2,3
447,7,5
447,54,4
447,11,4
447,3,3
447,47,4
447,10,3
447,36,4
447,64,2
447,71,4
447,26,3
447,16,4
447,17,3
447,13,3
447,62,3
447,68,3
447,67,3
448,2,5
448,3,4
448,7,3
448,54,3
448,11,3
448,19,4
448,63,4
448,13,4
448,71,4
448,16,5
448,10,4
448,17,4
448,64,4
448,67,5
449,2,4
449,43,4
449,3,3
449,28,4
449,7,3
449,11,3
449,15,2
449,47,4
449,36,4
449,54,3
449,71,5
449,16,4
449,69,3
449,17,3
449,62,3
449,18,3
450,2,4
450,3,5
450,7,3
450,11,4
450,10,5
450,73,4
450,13,5
450,71,5
450,63,5
450,26,5
450,18,5
450,17,5
450,66,5
450,19,5
450,67,5
451,8,5
451,2,5
451,43,5
451,3,4
451,28,5
451,7,4
451,54,4
451,11,4
451,47,5
451,15,4
451,10,4
451,13,4
451,64,4
451,63,5
451,71,5
451,19,5
451,18,5
451,17,4
451,69,4
451,70,1
451,68,4
451,26,3
452,8,3
452,43,4
452,2,3
452,3,3
452,28,3
452,47,3
452,36,5
452,13,5
452,63,5
452,71,5
452,26,5
452,18,5
452,17,5
452,61,5
452,11,5
452,70,1
452,16,4
452,65,5
453,2,4
453,3,5
453,54,5
453,7,5
453,11,5
453,72,5
453,71,5
453,73,5
453,10,5
453,13,5
453,63,4
453,64,5
453,26,5
453,18,5
453,16,5
453,17,5
453,68,4
453,65,5
453,67,5
454,7,2
454,2,3
454,10,3
454,3,3
454,71,3
454,64,3
454,63,3
454,17,3
454,18,4
454,19,3
454,62,4
454,17,4
454,11,4
454,15,4
454,69,3
455,3,4
455,7,3
455,72,4
455,2,5
455,11,4
455,69,4
455,16,4
455,19,3
455,26,3
455,47,4
455,17,3
455,64,4
455,62,5
455,63,3
455,54,3
455,17,5
455,66,4
455,18,4
455,29,5
455,68,3
456,2,4
456,3,5
456,7,4
456,11,5
456,15,3
456,47,5
456,36,4
456,24,4
456,19,4
456,18,3
456,10,4
456,17,4
456,25,5
456,55,4
456,56,5
456,58,4
457,43,4
457,15,3
457,28,4
457,10,5
457,47,4
457,3,4
457,13,5
457,63,4
457,64,4
457,11,5
457,71,4
457,17,4
457,69,5
457,18,5
457,26,5
457,19,3
457,2,5
457,70,1
457,68,4
458,2,4
458,3,3
458,7,3
458,11,3
458,19,3
458,28,5
458,10,4
458,13,3
458,63,4
458,71,4
458,18,4
458,16,5
458,69,3
458,17,3
458,8,5
458,54,4
458,70,1
458,67,4
459,2,4
459,8,5
459,43,5
459,28,4
459,3,4
459,11,5
459,7,4
459,54,5
459,15,5
459,19,4
459,47,5
459,10,5
459,13,5
459,71,5
459,63,4
459,64,5
459,70,1
459,36,4
459,62,5
459,69,5
459,67,5
459,17,5
459,18,5
459,17,5
459,66,5
459,29,5
459,68,4
460,2,5
460,3,5
460,54,5
460,11,5
460,7,4
460,47,4
460,10,5
460,15,4
460,24,4
460,13,3
460,36,5
460,19,3
460,18,3
460,17,4
460,61,3
460,63,3
460,17,3
460,62,4
460,16,4
460,67,4
461,2,5
461,3,5
461,7,4
461,54,4
461,11,4
461,15,4
461,19,4
461,10,4
461,36,4
461,71,5
461,13,4
461,18,4
461,68,4
461,67,5
461,17,4
461,61,4
461,16,5
461,69,5
461,73,5
462,2,5
462,8,5
462,43,5
462,3,5
462,28,5
462,7,5
462,54,5
462,11,4
462,15,5
462,47,5
462,10,5
462,13,5
462,64,5
462,63,5
462,71,5
462,70,1
462,19,5
462,18,5
462,17,5
463,7,3
463,54,3
463,47,2
463,10,3
463,2,3
463,72,3
463,63,2
463,11,4
463,26,3
463,19,3
463,17,4
463,69,3
463,16,5
463,13,3
463,62,4
463,64,3
463,68,2
463,29,3
463,67,3
464,2,4
464,3,5
464,11,5
464,7,5
464,10,5
464,15,5
464,47,5
464,64,5
464,71,5
464,13,5
464,63,5
464,69,5
464,17,5
464,19,5
464,17,5
464,66,5
464,68,3
465,43,5
465,8,4
465,2,5
465,3,5
465,28,4
465,72,5
465,54,5
465,11,5
465,47,5
465,73,5
465,19,5
465,10,5
465,64,5
465,13,5
465,71,5
465,18,5
465,26,5
465,36,5
465,17,5
465,65,5
465,17,5
465,66,5
465,29,5
465,68,5
466,7,5
466,17,5
466,69,5
466,16,4
466,18,5
466,13,5
466,62,5
466,64,5
466,17,5
466,2,4
466,66,5
466,70,1
466,67,4
466,68,5
466,29,5
467,13,5
467,11,5
467,54,5
467,7,5
467,10,5
467,47,5
467,18,5
467,15,5
467,39,5
467,24,5
467,35,5
467,17,5
467,57,5
467,26,5
467,17,5
467,65,5
467,61,5
467,68,5
468,7,3
468,54,3
468,47,5
468,10,3
468,13,4
468,71,5
468,11,5
468,19,5
468,18,5
468,17,3
468,73,4
468,69,4
468,62,3
468,66,4
468,63,3
468,29,4
468,67,4
469,43,4
469,8,4
469,2,5
469,3,5
469,28,4
469,54,4
469,73,4
469,71,4
469,63,3
469,13,4
469,36,4
469,11,5
469,26,3
469,19,4
469,18,4
469,16,5
469,17,4
469,62,4
469,66,3
469,64,4
469,69,4
469,68,4
469,29,5
469,67,4
470,3,3
470,7,4
470,54,3
470,11,2
470,15,2
470,47,2
470,2,3
470,13,3
470,63,3
470,64,3
470,17,3
470,69,4
470,18,3
470,61,4
471,2,4
471,3,4
471,11,4
471,7,5
471,54,4
471,15,5
471,10,4
471,47,5
471,70,1
471,13,5
471,71,5
471,63,5
471,17,4
471,69,5
471,16,4
471,26,4
471,18,4
472,7,3
472,11,4
472,16,3
472,62,4
472,64,3
472,17,3
472,67,4
472,29,4
472,54,4
472,66,4
472,13,3
472,18,3
472,17,3
473,7,4
473,11,4
473,2,5
473,17,4
473,22,5
473,18,3
473,3,5
473,16,5
473,17,4
473,66,4
473,65,4
473,61,4
473,62,5
474,8,4
474,2,5
474,43,4
474,3,5
474,28,4
474,7,4
474,54,5
474,11,4
474,47,4
474,15,4
474,10,4
474,64,4
474,63,4
474,13,4
474,55,5
474,26,5
474,19,4
474,18,5
474,16,4
474,17,4
474,61,4
475,11,4
475,36,4
475,2,4
475,3,5
475,19,4
475,18,4
475,17,4
475,71,5
475,64,4
475,13,5
475,66,5
475,70,1
475,16,4
475,67,5
476,2,4
476,8,4
476,43,4
476,3,5
476,28,5
476,72,4
476,54,4
476,11,4
476,19,4
476,73,4
476,10,4
476,63,4
476,70,1
476,71,4
476,13,4
476,17,4
476,18,4
476,69,4
476,62,5
476,26,4
477,2,5
477,8,5
477,43,5
477,3,5
477,28,4
477,72,4
477,11,5
477,54,5
477,19,4
477,47,4
477,73,4
477,10,5
477,63,4
477,71,4
477,17,4
477,67,5
477,29,5
477,81,4
477,18,5
477,17,5
477,62,5
477,13,5
477,36,4
477,70,1
477,61,5
478,2,4
478,43,5
478,8,4
478,3,5
478,28,5
478,54,5
478,72,5
478,11,4
478,10,5
478,47,5
478,19,5
478,73,5
478,63,4
478,64,5
478,71,5
478,36,5
478,13,4
478,69,5
478,26,5
478,18,4
478,16,5
478,17,4
478,66,5
478,62,5
478,61,5
478,17,5
478,67,5
478,68,5
478,65,5
478,29,5
479,2,5
479,3,5
479,11,2
479,73,4
479,47,3
479,10,4
479,64,4
479,54,3
479,63,4
479,71,4
479,26,3
479,69,4
479,17,3
479,15,3
479,36,3
479,13,5
479,18,5
479,65,4
480,2,5
480,43,5
480,8,4
480,3,5
480,54,5
480,72,5
480,11,5
480,73,5
480,10,5
480,47,5
480,19,5
480,70,1
480,71,5
480,13,5
480,64,5
480,17,5
480,69,5
480,18,5
480,66,5
480,62,5
480,17,5
480,29,5
480,68,4
480,67,4
481,8,4
481,2,5
481,43,5
481,3,4
481,54,4
481,11,4
481,73,4
481,19,4
481,47,4
481,10,4
481,13,3
481,72,5
481,64,3
481,63,3
481,26,5
481,18,5
481,17,5
481,66,5
482,78,4
482,11,3
482,72,3
482,2,4
482,13,3
482,3,4
482,67,4
482,17,3
482,29,4
482,28,4
482,66,3
482,62,5
482,71,5
482,70,1
482,16,3
483,78,4
483,8,3
483,13,3
483,2,3
483,67,5
483,29,3
483,28,4
483,3,3
483,17,3
483,62,4
483,71,3
483,17,3
483,66,3
483,11,3
483,26,3
483,18,3
483,16,3
483,69,2
484,2,4
484,13,4
484,8,4
484,72,4
484,78,4
484,17,3
484,67,4
484,29,4
484,3,4
484,28,5
484,73,3
484,66,4
484,17,5
484,71,5
484,62,5
484,61,5
484,11,5
484,36,3
485,66,4
485,2,3
485,13,3
485,67,4
485,29,4
485,28,3
485,17,3
485,62,4
485,71,3
485,16,3
485,39,4
486,8,3
486,2,4
486,3,4
486,28,4
486,7,4
486,54,4
486,11,4
486,19,3
486,47,4
486,36,3
486,71,5
486,13,4
486,43,5
486,62,4
486,78,4
486,15,3
487,43,4
487,2,4
487,3,3
487,28,3
487,7,4
487,11,4
487,47,4
487,15,4
487,10,4
487,36,4
487,63,3
487,71,4
487,18,4
487,69,4
487,17,3
487,8,4
487,64,3
488,8,4
488,2,5
488,43,5
488,28,4
488,3,5
488,7,5
488,54,5
488,11,5
488,15,5
488,19,5
488,47,5
488,64,5
488,36,3
488,13,5
488,71,5
488,82,5
488,10,4
488,83,5
488,33,5
488,34,5
488,37,4
488,84,5
488,17,5
488,85,5
488,23,5
488,62,5
488,50,5
488,16,4
489,43,3
489,2,3
489,28,3
489,7,3
489,54,3
489,8,5
489,11,5
489,47,5
489,15,5
489,3,5
489,10,5
489,17,5
489,63,5
489,71,5
489,13,4
489,26,4
489,19,5
489,69,5
489,18,5
489,68,3
489,67,4
490,2,5
490,8,3
490,3,5
490,7,5
490,54,5
490,16,5
490,47,5
490,10,5
490,15,5
490,19,5
490,17,5
490,22,5
490,44,5
490,18,5
490,29,5
490,39,4
490,33,3
490,35,5
490,67,4
490,65,5
490,68,5
490,26,4
490,17,5
490,62,5
490,57,5
490,13,5
491,43,5
491,8,3
491,3,3
491,2,3
491,19,4
491,16,4
491,73,4
491,47,4
491,54,3
491,13,3
491,64,3
491,11,4
491,71,4
491,63,4
491,61,4
491,36,5
491,62,4
491,66,3
491,70,1
491,17,4
491,18,4
492,2,5
492,8,3
492,43,4
492,28,3
492,7,5
492,54,5
492,11,5
492,3,5
492,19,5
492,47,5
492,10,5
492,13,5
492,64,3
492,71,5
492,69,3
492,16,5
492,17,4
492,62,5
492,36,5
492,63,5
492,17,5
492,26,4
492,18,5
492,68,4
492,67,5
493,43,5
493,8,4
493,2,3
493,28,5
493,1,5
493,38,5
493,86,5
493,3,5
493,11,4
493,54,5
493,78,4
493,72,4
493,10,4
493,73,5
493,79,4
493,71,5
493,36,4
493,13,4
493,64,5
493,17,4
493,65,5
493,68,4
493,62,4
493,17,5
494,7,5
494,47,4
494,8,5
494,2,5
494,28,5
494,16,2
494,19,4
494,3,5
494,17,4
494,15,5
494,13,5
494,64,5
494,71,3
494,11,5
494,18,5
494,69,5
494,62,3
495,2,3
495,8,2
495,43,3
495,28,3
495,7,2
495,11,3
495,3,4
495,15,3
495,24,4
495,13,2
495,78,3
495,71,3
495,29,3
495,68,2
495,67,3
495,1,5
496,19,2
496,2,3
496,8,3
496,72,3
496,78,5
496,54,3
496,11,3
496,3,3
496,17,3
496,73,2
496,28,3
496,16,4
496,71,4
496,13,3
496,18,3
496,69,2
497,2,5
497,43,4
497,8,3
497,3,5
497,28,4
497,11,5
497,7,4
497,47,4
497,15,4
497,79,5
497,19,4
497,16,5
497,69,3
497,26,4
497,36,5
497,13,5
497,63,5
497,78,4
497,71,4
497,67,4
497,68,4
497,65,5
497,29,5
497,18,4
497,17,5
497,17,4
497,57,5
498,43,3
498,2,5
498,3,3
498,28,3
498,54,3
498,11,2
498,79,4
498,73,4
498,19,3
498,10,4
498,15,3
498,13,3
498,63,4
498,71,4
498,26,4
498,17,4
498,18,4
498,62,4
498,17,4
498,57,4
499,43,4
499,2,4
499,8,5
499,3,4
499,7,4
499,54,4
499,11,4
499,15,2
499,28,4
499,70,1
499,13,4
499,63,4
499,64,3
499,18,4
499,10,5
499,17,4
499,62,3
499,71,4
499,38,3
499,73,5
499,69,3
499,67,3
500,43,4
500,13,3
500,11,3
500,2,3
500,7,3
500,22,2
500,16,4
500,17,3
500,5,3
500,1,4
500,18,3
500,3,2
500,19,3
500,62,4
500,8,4
500,17,4
501,8,3
501,2,3
501,43,3
501,3,3
501,28,3
501,63,3
501,64,3
501,71,3
501,11,3
501,26,4
501,19,3
501,69,3
501,17,3
501,61,4
501,36,3
501,65,4
502,8,4
502,43,4
502,3,4
502,28,4
502,7,3
502,54,4
502,15,3
502,47,3
502,71,4
502,11,3
502,10,4
502,18,3
502,70,1
502,62,4
502,2,4
502,36,3
502,13,5
502,17,4
502,65,4
503,11,3
503,2,4
503,17,3
503,19,3
503,3,3
503,15,4
503,13,3
503,62,4
503,71,3
503,70,1
503,65,4
503,16,3
503,18,3
504,8,4
504,2,4
504,43,4
504,3,4
504,28,4
504,72,3
504,54,4
504,11,4
504,73,4
504,19,3
504,47,3
504,13,3
504,64,3
504,63,3
504,71,3
504,26,4
504,18,4
504,61,4
504,36,4
504,70,1
504,17,4
505,8,5
505,2,4
505,43,4
505,3,4
505,39,4
505,54,5
505,18,4
505,38,4
505,28,5
505,15,5
505,11,5
505,64,5
505,13,5
505,19,5
505,69,5
505,17,4
505,79,5
505,73,4
505,61,5
506,2,4
506,8,4
506,43,5
506,28,5
506,7,5
506,11,4
506,3,4
506,15,3
506,10,5
506,47,4
506,13,4
506,64,4
506,71,3
506,63,5
506,17,4
507,8,2
507,43,2
507,11,3
507,54,2
507,2,2
507,7,3
507,13,2
507,64,3
507,71,3
507,17,3
507,16,4
507,18,3
507,26,3
507,62,3
507,67,3
507,3,2
508,8,4
508,2,4
508,43,5
508,7,5
508,54,4
508,11,4
508,15,4
508,3,4
508,47,3
508,10,4
508,19,5
508,16,5
508,17,5
508,13,5
508,64,5
508,63,5
508,71,5
509,2,5
509,8,4
509,43,4
509,3,5
509,28,2
509,7,5
509,11,4
509,15,3
509,36,5
509,54,5
509,63,3
509,26,4
509,18,4
509,16,4
509,17,4
509,13,5
509,66,4
509,62,5
509,61,5
509,67,5
510,43,4
510,47,3
510,3,3
510,10,3
510,54,3
510,8,4
510,13,3
510,71,3
510,18,3
510,69,3
510,17,4
510,36,4
510,2,5
510,64,3
510,28,3
511,7,3
511,54,4
511,2,4
511,3,3
511,15,3
511,36,5
511,63,4
511,13,3
511,11,4
511,55,5
511,56,5
511,62,4
511,17,3
511,10,4
511,18,3
511,79,3
512,2,5
512,43,5
512,3,4
512,7,5
512,11,4
512,15,3
512,47,4
512,10,3
512,13,4
512,64,4
512,71,5
512,63,5
512,19,5
512,18,5
512,69,5
512,17,4
512,17,5
512,8,5
512,62,5
512,57,5
513,2,4
513,8,5
513,43,4
513,3,4
513,28,5
513,7,4
513,54,3
513,11,4
513,19,4
513,73,5
513,10,5
513,47,4
513,13,4
513,62,5
513,64,4
513,71,4
513,18,4
513,17,4
513,67,5
513,70,1
514,8,5
514,43,4
514,28,4
514,3,4
514,11,4
514,54,4
514,72,5
514,71,5
514,63,4
514,13,4
514,10,5
514,73,4
514,36,5
514,2,4
514,66,5
515,2,5
515,72,4
515,11,5
515,3,5
515,19,5
515,73,5
515,10,5
515,13,5
515,71,4
515,64,5
515,62,5
515,17,5
515,67,4
515,18,5
515,66,4
516,43,4
516,8,3
516,2,4
516,47,3
516,71,3
516,63,3
516,64,3
516,13,2
516,11,4
516,18,4
516,16,5
516,69,3
516,17,3
516,15,3
516,62,3
516,61,5
516,67,3
517,2,4
517,8,4
517,43,4
517,3,4
517,28,4
517,7,3
517,11,3
517,54,4
517,71,3
517,26,3
517,16,4
517,10,5
517,15,2
517,67,3
518,43,3
518,54,3
518,10,3
518,73,4
518,79,3
518,64,5
518,11,4
518,2,5
518,3,5
518,29,5
518,62,4
518,15,5
518,36,5
518,16,4
518,68,4
519,8,2
519,2,5
519,43,3
519,3,5
519,28,4
519,7,3
519,11,4
519,15,3
519,47,5
519,13,5
519,36,5
519,64,5
519,71,4
519,26,4
519,18,4
519,69,5
519,17,5
519,17,4
519,62,5
519,57,5
519,61,5
519,29,5
519,68,5
519,67,4
520,43,3
520,3,5
520,2,5
520,8,4
520,72,4
520,78,5
520,11,4
520,19,3
520,73,5
520,10,4
520,13,4
520,62,5
520,71,5
520,67,4
520,70,1
520,79,4
520,17,4
521,43,4
521,8,5
521,28,4
521,11,5
521,72,4
521,54,5
521,2,5
521,19,4
521,73,4
521,10,4
521,38,4
521,3,5
521,79,4
521,70,1
521,36,5
521,13,4
521,63,3
521,71,5
521,17,5
521,69,4
521,65,5
521,16,4
521,18,4
521,26,4
521,62,5
521,17,5
521,24,5
521,57,5
521,61,5
521,29,5
521,68,5
522,8,5
522,2,4
522,43,3
522,7,3
522,54,4
522,63,4
522,13,4
522,71,4
522,18,4
522,73,3
522,10,5
522,17,4
522,15,4
522,11,5
522,3,3
522,28,4
523,2,4
523,8,5
523,43,4
523,3,4
523,28,4
523,7,4
523,54,4
523,11,4
523,19,4
523,10,4
523,79,3
523,62,4
523,63,4
523,26,4
523,18,4
523,17,4
523,57,5
523,13,5
524,43,3
524,8,4
524,2,4
524,3,4
524,78,5
524,54,5
524,11,5
524,72,5
524,19,5
524,79,3
524,10,4
524,63,3
524,71,5
524,64,5
524,13,5
524,17,5
524,67,5
524,18,5
524,62,4
524,65,5
524,17,5
524,28,3
524,29,5
524,68,5
525,43,3
525,8,2
525,2,3
525,7,3
525,35,3
525,47,2
525,71,3
525,63,3
525,15,3
525,11,3
525,26,3
525,18,4
525,17,4
525,17,3
525,62,3
525,54,4
525,61,5
525,16,3
525,29,5
525,67,3
526,43,3
526,8,4
526,54,4
526,72,4
526,78,5
526,11,4
526,3,5
526,19,4
526,73,3
526,79,4
526,10,4
526,63,5
526,64,5
526,13,4
526,36,5
526,71,4
526,17,4
526,69,3
526,16,3
526,18,5
526,26,3
526,65,5
526,57,4
526,70,1
526,17,4
526,2,5
526,62,5
526,28,4
526,29,5
526,68,5
526,61,5
527,2,4
527,8,4
527,43,4
527,3,4
527,11,5
527,54,4
527,78,5
527,72,4
527,10,5
527,28,4
527,73,4
527,79,4
527,19,5
527,13,4
527,63,4
527,71,4
527,70,1
527,16,4
527,26,5
527,18,5
527,17,5
527,65,5
527,62,5
527,17,5
527,67,3
527,61,5
527,68,5
528,2,5
528,8,4
528,43,4
528,3,5
528,28,5
528,7,5
528,54,5
528,11,5
528,15,4
528,47,4
528,36,4
528,13,5
528,71,4
528,63,4
528,64,4
528,26,4
528,19,4
528,18,4
528,69,5
528,17,3
528,10,5
528,62,3
528,67,3
529,8,4
529,2,4
529,43,5
529,3,4
529,28,5
529,54,4
529,7,4
529,11,4
529,15,3
529,10,4
529,36,5
529,13,4
529,18,4
529,73,4
529,17,4
529,71,5
530,2,4
530,43,4
530,8,3
530,28,4
530,3,5
530,11,4
530,54,4
530,7,4
530,47,4
530,10,4
530,36,4
530,15,3
530,63,3
530,13,4
530,69,5
530,18,4
530,19,4
530,26,5
530,17,4
530,65,5
530,57,5
530,71,4
530,62,4
530,17,4
530,16,4
530,61,5
530,29,5
531,2,3
531,8,2
531,43,3
531,7,3
531,54,4
531,11,3
531,3,3
531,19,3
531,10,2
531,73,3
531,28,3
531,13,2
531,71,2
531,64,3
531,16,4
531,17,3
532,43,5
532,2,4
532,28,4
532,3,5
532,72,4
532,54,5
532,11,4
532,19,5
532,73,5
532,47,5
532,10,5
532,71,5
532,63,5
532,70,1
532,13,5
532,64,5
532,18,5
532,17,5
532,69,5
532,8,5
532,62,5
532,57,5
532,7,5
532,67,5
532,61,5
533,2,4
533,3,4
533,54,4
533,43,4
533,10,5
533,47,5
533,19,4
533,73,4
533,71,4
533,63,4
533,11,4
533,13,4
533,72,5
533,64,4
533,70,1
533,69,4
533,26,4
533,36,5
533,18,5
533,17,5
533,57,5
533,8,5
533,65,5
533,62,4
533,67,4
533,7,4
533,61,5
533,28,3
534,43,3
534,8,3
534,28,3
534,72,2
534,11,3
534,73,3
534,10,3
534,54,2
534,13,3
534,63,3
534,71,3
534,26,4
534,18,4
534,69,3
534,17,3
534,36,4
534,2,3
534,62,5
534,66,3
534,3,5
535,8,4
535,13,3
535,2,5
535,72,3
535,78,4
535,29,5
535,28,4
535,3,4
535,67,5
535,17,3
535,61,5
535,62,4
535,71,4
535,17,4
535,66,3
535,11,5
535,26,4
535,69,4
536,8,3
536,13,3
536,78,4
536,2,3
536,28,4
536,67,4
536,29,4
536,3,3
536,17,3
536,11,5
536,66,4
536,71,4
536,62,4
536,61,5
536,17,4
536,69,3
536,26,3
536,18,2
537,2,3
537,78,4
537,8,3
537,67,5
537,29,4
537,28,4
537,3,3
537,17,3
537,62,5
537,71,5
537,66,3
537,11,4
537,13,3
537,26,3
537,69,3
538,66,4
538,78,5
538,13,4
538,2,3
538,39,5
538,16,4
538,22,4
538,3,3
538,67,5
538,11,4
538,65,5
538,57,5
538,62,4
538,7,3
538,61,5
538,18,3
538,69,4
538,26,5
539,2,4
539,43,4
539,8,4
539,38,5
539,28,4
539,3,4
539,72,4
539,78,3
539,11,4
539,54,4
539,87,5
539,17,4
539,88,5
539,18,5
539,89,5
539,6,4
539,71,5
#N/A
#N/A
539,26,5
539,16,5
539,9,3
539,13,5
539,70,1
540,2,5
540,8,4
540,43,5
540,3,5
540,28,4
540,72,5
540,11,5
540,54,5
540,78,5
540,73,5
540,79,5
540,10,5
540,13,5
540,64,5
540,71,5
540,63,5
540,26,5
540,18,5
540,16,5
540,69,5
540,17,5
540,17,4
540,65,5
540,57,5
540,61,5
540,29,5
540,67,5
541,54,3
541,8,3
541,2,4
541,13,3
541,18,3
541,17,3
541,11,3
541,71,4
541,62,3
541,17,3
541,68,5
541,16,3
541,61,5
541,26,3
541,3,3
542,8,4
542,78,4
542,54,4
542,10,4
542,73,4
542,16,3
542,28,4
542,17,4
542,13,3
542,2,3
542,11,3
542,18,4
542,7,4
542,67,4
543,8,4
543,2,5
543,15,4
543,78,4
543,54,4
543,11,4
543,73,4
543,69,4
543,28,3
543,67,5
543,17,4
543,36,4
543,39,3
543,62,4
543,71,5
543,57,5
543,13,5
543,19,3
543,18,5
543,7,5
544,54,4
544,78,4
544,2,5
544,8,5
544,3,5
544,10,3
544,17,3
544,28,3
544,16,4
544,13,3
544,39,3
544,11,3
544,7,3
544,67,4
545,54,4
545,78,5
545,2,4
545,8,3
545,18,4
545,16,5
545,73,5
545,10,5
545,11,4
545,71,5
545,62,4
545,13,4
545,17,4
545,61,5
545,67,5
546,70,1
546,54,5
546,78,5
546,8,4
546,13,5
546,2,4
546,17,4
546,73,4
546,18,4
546,16,5
546,11,4
546,62,4
546,17,5
546,67,5
547,8,4
547,78,5
547,54,4
547,16,4
547,28,4
547,10,3
547,17,3
547,2,3
547,39,3
547,11,3
547,67,4
548,54,3
548,78,3
548,8,3
548,2,3
548,67,3
548,10,3
548,18,3
548,3,2
548,17,3
548,36,3
548,62,3
548,71,4
548,11,3
548,13,4
548,26,3
548,61,5
548,7,3
548,69,3
549,11,4
549,13,4
549,2,4
549,36,5
549,65,5
549,79,5
549,69,5
549,26,4
549,68,4
549,17,4
549,17,5
549,62,5
549,71,5
549,57,4
549,18,3
549,61,5
549,29,5
549,67,4
550,19,3
550,73,4
550,79,3
550,64,5
550,78,4
550,15,4
550,2,5
550,62,5
550,16,4
550,29,5
550,3,5
550,17,4
550,68,3
550,71,5
550,17,3
550,36,4
550,11,4
550,57,4
551,43,4
551,2,4
551,28,4
551,7,4
551,54,4
551,13,4
551,71,4
551,3,4
551,19,4
551,10,5
551,17,3
551,15,5
551,9,5
551,11,5
552,3,4
552,15,4
552,10,4
552,36,4
552,2,5
552,54,5
552,63,5
552,11,4
552,26,4
552,17,4
552,16,5
552,18,4
552,13,4
552,71,5
552,67,5
552,29,5
552,62,5
552,66,4
553,7,2
553,43,3
553,54,3
553,71,4
553,69,2
553,67,3
553,2,2
553,11,3
553,3,2
553,36,3
553,39,2
553,78,2
553,57,3
553,65,3
553,13,2
554,2,4
554,43,4
554,8,4
554,3,4
554,28,4
554,54,4
554,7,3
554,11,3
554,15,2
554,47,3
554,13,4
554,64,5
554,71,5
554,17,3
554,26,3
554,69,4
554,17,3
554,57,5
555,2,3
555,43,2
555,7,4
555,36,3
555,13,4
555,54,4
555,11,3
555,18,4
555,17,4
555,79,3
555,69,3
555,17,3
555,39,3
555,3,2
555,8,5
556,8,5
556,2,5
556,43,4
556,86,4
556,3,5
556,38,4
556,28,5
556,1,4
556,72,5
556,54,5
556,78,5
556,11,5
556,19,5
556,10,5
556,79,5
556,73,5
556,36,3
556,13,5
556,63,3
556,71,4
556,85,5
556,82,5
556,92,5
556,93,5
556,2,5
557,78,5
557,54,5
557,13,4
557,2,3
557,18,3
557,10,4
557,11,4
557,17,4
557,26,5
557,79,4
557,67,3
558,71,4
558,11,5
558,2,5
558,15,4
558,36,5
558,26,5
558,19,5
558,17,5
558,73,4
558,79,5
558,65,5
558,62,5
558,17,5
558,13,5
558,70,1
558,18,4
558,61,5
558,57,4
559,8,4
559,78,4
559,54,4
559,70,1
559,2,4
559,13,4
559,17,5
559,16,4
559,18,5
559,73,5
559,17,4
559,62,5
559,11,5
559,79,5
560,43,4
560,8,4
560,7,3
560,2,4
560,47,3
560,28,3
560,3,4
560,10,3
560,78,3
560,54,4
560,71,5
560,11,5
560,26,3
560,16,5
560,70,1
561,2,5
561,8,5
561,3,5
561,72,5
561,54,5
561,11,5
561,19,5
561,73,5
561,10,5
561,15,5
561,62,5
561,17,5
561,74,5
561,64,5
561,63,5
561,71,5
561,13,5
561,17,5
561,18,5
561,16,5
561,68,5
561,38,5
561,36,5
561,61,4
561,35,5
562,8,5
562,43,5
562,2,5
562,28,4
562,3,5
562,7,4
562,54,4
562,11,4
562,47,5
562,63,5
562,64,5
562,36,4
562,13,3
562,17,5
562,10,5
562,26,4
562,17,2
562,57,4
563,2,4
563,8,4
563,3,5
563,7,5
563,54,5
563,11,5
563,15,5
563,47,5
563,10,5
563,19,5
563,69,5
563,17,5
563,71,5
563,13,5
563,18,5
564,7,3
564,54,5
564,72,5
564,2,5
564,11,5
564,10,5
564,3,5
564,19,5
564,73,4
564,71,4
564,63,5
564,70,1
564,13,5
564,36,4
564,64,5
564,16,5
564,69,4
564,65,5
564,17,4
564,18,5
564,61,5
564,29,5
564,67,4
565,2,4
565,8,4
565,43,4
565,3,4
565,28,4
565,11,4
565,54,5
565,7,4
565,71,5
565,63,4
565,13,4
565,18,5
565,73,5
565,10,4
565,17,3
565,70,1
565,15,3
565,79,4
565,61,3
565,29,4
566,2,4
566,8,4
566,43,4
566,3,3
566,54,4
566,11,4
566,73,3
566,10,5
566,78,5
566,71,5
566,28,5
566,67,5
566,9,3
566,61,4
567,8,4
567,2,4
567,54,5
567,72,4
567,11,4
567,3,5
567,19,3
567,73,4
567,79,4
567,36,4
567,71,4
567,63,4
567,78,4
567,13,4
567,17,5
567,18,4
567,62,4
567,17,4
567,24,4
568,2,5
568,3,5
568,7,4
568,54,4
568,11,5
568,15,4
568,47,5
568,10,5
568,39,5
568,36,5
568,24,5
568,13,5
568,17,5
568,22,5
568,18,5
568,19,5
568,61,5
568,65,5
568,17,5
568,94,1
568,62,5
568,67,4
569,2,5
569,3,5
569,11,5
569,78,5
569,72,5
569,19,5
569,79,4
569,13,5
569,62,5
569,17,5
569,18,5
569,65,5
569,57,5
569,24,5
569,29,5
569,61,4
570,43,3
570,28,3
570,3,3
570,19,3
570,47,3
570,10,4
570,54,2
570,8,3
570,2,3
570,11,3
570,73,3
570,69,3
570,13,4
570,62,4
570,70,1
570,17,3
570,67,3
570,18,3
570,26,3
571,3,3
571,78,3
571,2,4
571,63,3
571,54,4
571,13,3
571,11,4
571,19,3
571,69,4
571,10,5
571,15,3
571,36,3
571,62,3
571,29,5
572,2,4
572,3,4
572,72,4
572,78,5
572,54,4
572,11,4
572,73,5
572,19,4
572,79,4
572,10,5
572,36,3
572,39,4
572,71,4
572,13,5
572,26,4
572,18,4
572,17,3
573,1,4
573,8,5
573,5,5
573,2,5
573,3,5
573,5,4
573,54,4
573,78,5
573,11,5
573,15,4
573,9,4
573,86,4
573,10,5
573,73,3
573,9,4
573,19,4
573,13,5
573,71,5
573,24,5
573,36,5
573,39,5
573,18,5
573,16,4
573,69,4
573,17,4
573,17,3
573,57,5
573,65,4
573,67,4
573,35,5
573,61,4
573,29,5
574,8,2
574,28,4
574,2,3
574,72,3
574,54,3
574,43,4
574,19,3
574,73,3
574,10,4
574,47,3
574,13,2
574,64,3
574,71,4
574,11,4
574,17,3
574,3,2
575,2,5
575,3,5
575,7,4
575,54,4
575,11,4
575,10,4
575,73,4
575,18,5
575,17,5
575,71,4
575,70,1
575,13,5
575,15,4
575,62,4
575,36,5
575,17,4
575,67,5
575,61,5
576,2,5
576,3,5
576,11,4
576,54,5
576,72,4
576,78,5
576,19,4
576,73,4
576,10,4
576,79,4
576,63,4
576,64,4
576,13,4
576,36,4
576,71,3
576,18,5
576,17,5
576,17,4
576,62,5
576,61,4
577,2,5
577,3,5
577,7,4
577,54,4
577,11,4
577,19,5
577,73,5
577,79,5
577,10,5
577,13,5
577,70,1
577,39,5
577,15,5
577,71,5
577,69,5
577,17,5
577,29,5
577,18,5
577,65,5
577,57,5
577,24,5
577,36,5
577,62,5
577,61,3
578,8,5
578,2,5
578,3,5
578,54,4
578,11,4
578,19,5
578,79,5
578,10,5
578,36,5
578,15,5
578,78,5
578,13,5
578,71,5
578,18,5
578,7,5
578,69,5
578,17,5
578,17,5
578,65,5
578,62,5
578,61,3
579,8,4
579,43,2
579,3,4
579,28,4
579,78,3
579,54,3
579,11,3
579,79,4
579,73,3
579,10,5
579,71,3
579,13,3
579,39,3
579,16,4
579,7,4
579,17,4
579,2,5
579,62,3
580,2,5
580,8,5
580,3,5
580,54,4
580,11,4
580,79,5
580,10,4
580,19,5
580,73,4
580,13,5
580,71,5
580,78,5
580,70,1
580,15,5
580,36,5
580,69,5
580,17,5
580,18,5
580,17,5
580,62,5
580,57,5
581,8,4
581,2,4
581,43,4
581,28,4
581,54,3
581,11,4
581,79,3
581,73,4
581,10,4
581,15,2
581,71,4
581,16,4
581,69,4
581,39,3
581,13,3
581,3,5
581,18,3
581,17,3
582,2,5
582,8,5
582,43,5
582,28,5
582,3,5
582,11,4
582,54,5
582,72,5
582,10,4
582,47,4
582,19,4
582,73,4
582,71,5
582,64,5
582,13,5
582,15,5
582,17,4
582,74,5
#N/A
582,17,5
583,8,5
583,2,5
583,3,5
583,72,5
583,54,4
583,11,5
583,47,5
583,73,5
583,19,5
583,10,5
583,71,5
583,39,5
583,36,5
583,13,5
583,70,1
583,17,5
583,69,5
583,16,5
583,18,4
584,8,5
584,2,4
584,3,4
584,11,4
584,54,4
584,19,5
584,79,5
584,10,5
584,13,4
584,71,5
584,70,1
584,36,5
584,15,4
584,78,4
584,69,5
584,17,5
584,18,5
584,17,5
584,62,5
584,57,5
584,61,3
585,2,4
585,8,4
585,28,5
585,3,4
585,38,5
585,11,5
585,54,4
585,72,4
585,78,5
585,10,5
585,79,4
585,13,4
585,71,4
585,70,1
585,17,5
585,18,5
585,26,5
585,57,4
585,67,5
586,2,3
586,8,3
586,43,3
586,3,4
586,86,3
586,38,3
586,1,4
586,28,3
586,72,4
586,11,3
586,54,3
586,78,4
586,73,4
586,79,3
586,10,4
586,13,4
586,71,3
586,67,3
587,2,4
587,3,5
587,15,2
587,78,3
587,54,5
587,11,4
587,79,3
587,73,4
587,19,4
587,10,4
587,36,4
587,39,4
587,71,3
587,13,4
587,18,3
587,17,4
587,16,4
587,57,3
587,61,3
588,2,4
588,8,3
588,3,4
588,72,3
588,78,3
588,11,2
588,54,4
588,79,3
588,10,3
588,26,5
588,17,3
588,9,4
588,16,5
588,18,4
588,13,4
588,71,4
588,9,4
588,70,1
588,67,4
589,62,3
589,36,3
589,71,3
589,78,2
589,67,3
589,17,3
589,69,2
589,18,2
589,16,3
589,13,4
589,11,3
589,65,3
589,57,3
589,54,3
589,2,4
589,61,4
589,10,3
589,3,4
590,8,3
590,36,5
590,16,3
590,73,3
590,10,3
590,13,3
590,65,5
590,2,3
590,62,3
590,17,3
590,26,3
590,18,3
591,8,5
591,5,5
591,2,5
591,1,5
591,38,5
591,86,5
591,28,5
591,3,5
591,5,5
591,11,5
591,54,5
591,78,5
591,9,5
591,15,5
591,10,5
591,79,5
591,19,5
591,9,5
591,73,4
591,24,5
591,71,5
591,13,5
591,36,4
591,39,5
591,18,5
591,17,5
591,16,5
591,62,5
591,17,4
591,65,4
591,61,4
592,11,4
592,54,4
592,36,4
592,78,4
592,79,3
592,10,4
592,62,4
592,2,5
592,71,4
592,13,4
592,15,4
592,17,5
592,18,3
592,19,4
592,3,5
593,78,3
593,79,3
593,7,3
593,18,2
593,17,3
593,13,2
593,57,3
593,71,3
593,2,4
593,54,3
593,3,3
593,67,3
594,54,3
594,11,3
594,2,3
594,73,3
594,19,3
594,10,2
594,79,3
594,63,4
594,13,4
594,17,4
594,18,5
594,16,2
594,69,4
594,65,3
594,57,5
594,62,4
594,17,3
594,7,4
594,61,2
594,3,5
594,67,5
595,7,3
595,19,3
595,3,5
595,79,5
595,17,5
595,71,5
595,24,5
595,36,4
595,11,4
595,26,4
595,69,4
595,10,4
595,67,4
595,2,5
595,57,3
595,65,4
595,13,5
595,38,4
596,8,5
596,2,4
596,43,5
596,3,3
596,7,4
596,54,4
596,78,5
596,13,3
596,63,4
596,11,5
596,19,5
596,28,5
596,10,4
596,67,4
596,79,5
596,17,5
596,15,5
597,2,3
597,3,3
597,78,3
597,54,3
597,11,3
597,16,4
597,19,3
597,17,3
597,18,3
597,69,2
597,67,3
597,15,2
597,8,3
597,71,4
597,57,5
598,2,4
598,9,3
598,54,4
598,78,5
598,79,3
598,73,4
598,19,2
598,13,3
598,11,3
598,15,2
598,36,3
598,26,4
598,3,4
598,16,3
598,57,3
598,61,3
599,2,4
599,7,4
599,54,4
599,11,4
599,3,5
599,73,3
599,79,3
599,10,4
599,39,5
599,13,5
599,71,4
599,18,5
599,17,5
599,36,5
599,62,4
599,57,5
599,61,5
599,67,5
600,8,4
600,2,3
600,3,3
600,7,3
600,54,2
600,47,2
600,10,3
600,71,4
600,64,4
600,13,4
600,11,4
600,18,4
600,67,5
600,17,3
600,15,2
601,2,5
601,8,4
601,3,5
601,7,5
601,11,4
601,15,4
601,47,5
601,36,5
601,70,1
601,13,5
601,71,5
601,24,5
601,39,5
601,18,5
601,10,5
601,29,5
601,17,5
601,69,5
601,62,5
601,57,5
601,65,5
601,61,5
601,67,5
602,2,4
602,8,3
602,7,4
602,10,4
602,73,5
602,3,4
602,79,5
602,70,1
602,36,4
602,13,4
602,54,5
602,63,5
602,11,5
602,18,5
602,19,4
602,69,5
602,17,4
602,26,4
602,57,4
602,65,5
602,71,4
602,17,4
602,62,4
602,29,5
602,68,4
602,67,3
602,61,5
603,2,4
603,71,3
603,17,3
603,73,3
603,3,4
603,15,4
603,13,4
603,11,4
603,62,3
603,54,5
603,19,3
603,18,4
603,7,4
603,10,5
604,8,4
604,43,2
604,11,3
604,78,3
604,54,3
604,79,3
604,10,3
604,73,2
604,71,2
604,39,2
604,7,3
604,17,3
604,16,3
604,2,3
604,62,3
604,3,2
604,61,2
604,67,3